cycle_id,ADG
3458.0,0.27025974025974026
3459.0,0.2667857142857143
4038.0,0.28125
4039.0,0.27307692307692305
4044.0,0.2561025641025641
4045.0,0.2627912087912088
4046.0,0.24989377289377288
4047.0,0.22978174603174603
4048.0,0.21854212454212452
4181.0,0.25999999999999995
4233.0,0.15000000000000005
4238.0,0.36642857142857144
4239.0,0.2805714285714286
4241.0,0.3137142857142857
4253.0,
4309.0,0.4786666666666667
4442.0,0.19948412698412699
4446.0,0.16642261904761904
4491.0,
4514.0,0.175
4515.0,0.1111111111111111
4551.0,0.20375
4750.0,0.28190476190476194
4751.0,0.2893121693121693
4887.0,0.2823529411764706
4896.0,
4938.0,0.20904761904761904
4946.0,0.2756607142857143
5222.0,0.2700843253968254
5223.0,0.2826948051948052
5253.0,0.30585978835978833
5258.0,0.3401058201058201
5435.0,0.36190476190476195
5437.0,0.32285714285714284
5438.0,0.37285714285714283
5439.0,0.38380952380952377
5441.0,0.2992857142857143
5442.0,0.3495238095238095
5487.0,0.37337256493506493
5677.0,0.4631111111111112
5731.0,0.1897777777777778
5902.0,0.3335119047619048
5903.0,0.3431818181818182
5918.0,0.3589010989010989
5919.0,0.3645054945054946
5920.0,0.312987012987013
5921.0,0.3041558441558441
6126.0,0.3859198355601233
6319.0,0.3126785714285714
6431.0,
6627.0,0.10869047619047617
6628.0,0.23571428571428574
6952.0,0.06954545454545452
7020.0,
7130.0,
7156.0,0.08333333333333333
7273.0,0.20089285714285715
7276.0,0.20089285714285715
7277.0,0.20089285714285715
7289.0,0.20089285714285715
7293.0,0.20089285714285715
7303.0,0.20089285714285715
7605.0,0.12600000000000003
7606.0,0.18450000000000003
7615.0,0.2042857142857143
7616.0,0.14854166666666663
7617.0,0.14535714285714285
7622.0,0.27193877551020407
7876.0,0.2798363095238095
7897.0,0.08666666666666667
7991.0,0.4082040816326531
7992.0,0.4063673469387755
7993.0,0.46380952380952384
7995.0,0.37926530612244896
7996.0,0.4358367346938775
7997.0,0.40884615384615386
7998.0,inf
7999.0,0.4534285714285714
8000.0,0.4424897959183673
8004.0,0.38646258503401365
8005.0,inf
8006.0,0.3580555555555555
8007.0,-inf
8008.0,0.3153231292517007
8010.0,0.46659863945578234
8011.0,0.4789455782312926
8012.0,0.4135102040816326
8013.0,0.5126011904761905
8014.0,0.4737619047619048
8092.0,0.15
8259.0,0.1222
8265.0,0.1012
8266.0,0.10591666666666666
8292.0,0.39642857142857146
8293.0,0.2816666666666667
8475.0,0.20678571428571418
8578.0,0.2375
8716.0,0.11999999999999998
8985.0,inf
8988.0,
9057.0,
9058.0,
9090.0,0.21557692307692305
9091.0,0.2213186813186813
9093.0,0.19640109890109894
9094.0,0.22284798534798536
9095.0,0.22309523809523812
9096.0,0.2599542124542124
9097.0,0.23334249084249087
9098.0,0.20906593406593407
9100.0,0.2076556776556777
9101.0,0.2305952380952381
9102.0,0.294702380952381
9103.0,0.28236111111111106
9104.0,0.3151587301587302
9105.0,0.2345767195767196
9106.0,0.23121693121693124
9399.0,0.017777777777777785
9545.0,0.39050000000000007
9585.0,
9877.0,0.106
9921.0,0.16416666666666674
9984.0,
9989.0,0.2808333333333333
9993.0,0.19999999999999996
9996.0,
9998.0,0.28125000000000006
10000.0,0.2666666666666668
10004.0,0.5500000000000003
10005.0,0.11428571428571425
10009.0,0.1499999999999999
10010.0,0.3982043650793651
10025.0,
10026.0,
10027.0,0.07857142857142858
10028.0,
10029.0,
10030.0,
10031.0,0.18731428571428566
10042.0,0.13333333333333344
10043.0,0.1116666666666668
10044.0,0.28448979591836737
10046.0,0.3190476190476191
10070.0,0.36584722222222227
10071.0,0.392775
10072.0,0.37717450365726235
10191.0,0.2953156647274295
10195.0,0.4234935064935064
10196.0,0.3461428571428572
10197.0,0.38712121212121214
10198.0,0.20625
10200.0,0.2619940476190476
10201.0,0.2669047619047619
10203.0,0.2785714285714286
10241.0,0.2578571428571429
10242.0,0.3692708333333334
10258.0,0.1976190476190476
10358.0,0.10454545454545454
10366.0,0.29775
10367.0,0.28304999999999997
10371.0,
10400.0,0.33678571428571424
10408.0,0.11437499999999998
10414.0,0.2714285714285714
10703.0,0.32608843537414967
10704.0,0.32464285714285707
10705.0,0.29246031746031753
10706.0,0.27444444444444444
10710.0,0.3651190476190475
10711.0,0.31352040816326526
10712.0,0.24857142857142864
10713.0,0.3134693877551021
10714.0,0.36551587301587296
10718.0,0.3043869463869464
10719.0,0.6911111111111111
10737.0,0.24126984126984122
10759.0,0.3904761904761905
10763.0,0.34177777777777774
10764.0,0.20400000000000004
10771.0,0.2656902356902357
10772.0,0.290875
10984.0,0.2857142857142857
10985.0,
11017.0,0.3550137362637362
11042.0,0.27619047619047615
11044.0,0.1928571428571428
11080.0,0.2
11081.0,0.12341269841269842
11149.0,0.6000000000000001
11168.0,0.31890873015873017
11225.0,0.16904761904761906
11304.0,0.07083333333333332
11317.0,0.18601190476190477
11338.0,0.22279942279942277
11339.0,0.17061087061087063
11340.0,0.2707521645021645
11341.0,0.29940476190476184
11342.0,0.3857142857142856
11345.0,0.39029166666666665
11346.0,0.16966666666666666
11347.0,
11352.0,0.27111111111111114
11422.0,
11423.0,
11424.0,
11509.0,0.40297619047619043
11544.0,0.4291666666666667
11545.0,0.3857142857142857
11609.0,0.2857413967611336
11618.0,
11632.0,0.62
11637.0,0.10874999999999997
11638.0,0.2375
11639.0,0.26228571428571434
11675.0,0.2333333333333334
11680.0,0.18777777777777782
11741.0,0.21619047619047618
11773.0,
11774.0,0.5245714285714287
11775.0,0.4520225563909774
11777.0,
11789.0,0.46525252525252503
11797.0,0.16620535714285714
11808.0,
11922.0,0.36910714285714286
11923.0,0.337265306122449
11926.0,0.3233214285714286
11927.0,0.33669387755102037
11928.0,inf
11929.0,0.36010544217687074
11930.0,0.4037482993197279
11931.0,0.3583095238095238
12021.0,0.5223076923076923
12025.0,0.2562745098039216
12046.0,
12065.0,0.3061781746031746
12067.0,0.32986417748917746
12072.0,0.34742770562770564
12131.0,
12163.0,0.30793650793650795
12323.0,0.1823809523809524
12324.0,0.09232142857142857
12325.0,0.13988095238095238
12332.0,0.11095238095238096
12336.0,0.1513333333333334
12341.0,0.133017908017908
12347.0,0.40325
12348.0,0.3033030303030303
12349.0,0.3393703703703704
12350.0,0.2670075757575758
12351.0,0.28085185185185185
12353.0,0.21999999999999997
12354.0,0.2451388888888889
12357.0,0.15817777777777775
12359.0,0.22062222222222222
12361.0,0.20833333333333331
12362.0,0.20463888888888887
12436.0,
12439.0,
12453.0,0.2663690476190476
12481.0,
12482.0,
12484.0,0.10999999999999996
12491.0,0.12999999999999998
12504.0,0.22999999999999998
12505.0,0.15999999999999998
12506.0,0.36
12558.0,
12572.0,0.2325
12576.0,
12592.0,
12595.0,
12596.0,
12597.0,
12639.0,0.21250000000000002
12705.0,0.3578035714285715
12716.0,0.20104166666666665
12717.0,
12850.0,0.35035714285714287
12851.0,0.3332142857142857
12852.0,0.3332142857142857
12853.0,0.41464285714285715
12854.0,0.37
12855.0,0.35892857142857143
12856.0,0.32
12857.0,0.42892857142857144
12858.0,0.35464285714285715
12859.0,0.3585714285714286
12860.0,0.36678571428571427
12861.0,0.2909523809523809
12862.0,0.36928571428571433
12863.0,0.3471428571428572
12864.0,0.3560714285714286
12865.0,0.39357142857142857
12866.0,0.34285714285714275
12867.0,0.42000000000000004
12868.0,0.33428571428571424
12869.0,0.35714285714285715
12937.0,
12978.0,0.15000000000000002
13024.0,0.28812500000000013
13112.0,inf
13114.0,0.2898539886039886
13117.0,0.20199999999999996
13166.0,0.2232142857142857
13198.0,0.31607142857142856
13308.0,0.28210317460317463
13414.0,0.5054945054945055
13419.0,0.3291666666666666
13451.0,0.38043650793650796
13452.0,0.42313492063492064
13582.0,
13583.0,
13667.0,0.2602930402930403
13710.0,0.2736904761904762
13774.0,0.20999999999999996
13777.0,0.31916666666666665
13791.0,0.46206349206349207
13888.0,0.25235885071328107
13892.0,0.2800000000000001
13913.0,0.3056899951899952
14045.0,0.3290416666666667
14046.0,0.30736904761904765
14047.0,0.2984833333333333
14071.0,
14072.0,
14094.0,0.3642857142857143
14095.0,0.27999999999999997
14096.0,0.36571428571428577
14097.0,0.3
14114.0,0.17375000000000004
14154.0,0.3568469387755102
14155.0,0.3710059523809524
14220.0,0.20051488095238099
14223.0,0.19250826719576716
14289.0,0.43252721088435375
14324.0,0.35421245421245423
14325.0,0.3267857142857143
14326.0,0.3519047619047619
14327.0,0.31961538461538463
14328.0,0.30527472527472527
14329.0,0.3226190476190476
14344.0,0.1831111111111111
14345.0,0.1605
14346.0,0.13227777777777777
14368.0,0.30154882154882157
14437.0,0.3761160714285714
14438.0,0.31693121693121695
14439.0,0.4010582010582011
14440.0,0.2470899470899471
14506.0,0.3418482443482443
14522.0,0.0947
14576.0,0.3257361111111111
14577.0,0.15648809523809523
14578.0,0.09755952380952379
14579.0,0.23825396825396825
14580.0,0.22063492063492066
14583.0,0.3473611111111111
14585.0,0.26261111111111113
14586.0,0.26699999999999996
14587.0,0.40328571428571425
14604.0,0.28096153846153843
14614.0,0.3358597883597883
14630.0,0.2144102564102564
14679.0,0.7609047619047619
14691.0,0.3235714285714285
14692.0,
14693.0,
14821.0,0.23999999999999994
14822.0,0.2899999999999999
14824.0,0.3125
14875.0,0.40337301587301594
14877.0,0.35159340659340654
14878.0,0.19078144078144077
14972.0,
15005.0,0.3644761904761905
15006.0,0.3653928571428572
15015.0,0.29946428571428574
15016.0,0.2606071428571429
15017.0,0.25947916666666665
15060.0,0.2875000000000001
15067.0,0.24420000000000003
15106.0,0.2733333333333333
15107.0,0.27249999999999996
15108.0,0.1783333333333333
15213.0,0.9053571428571427
15214.0,0.22666666666666668
15215.0,0.28660714285714284
15216.0,0.4142857142857141
15217.0,-0.07276785714285713
15219.0,0.1866666666666667
15221.0,0.45333333333333337
15288.0,0.22454212454212452
15289.0,0.17189952904238617
15300.0,0.3128571428571429
15301.0,0.36964285714285716
15303.0,0.3103492063492063
15304.0,0.28040000000000004
15305.0,0.32656084656084655
15306.0,0.1928571428571429
15307.0,0.38666666666666655
15308.0,0.26899999999999996
15309.0,0.3058571428571429
15310.0,0.2978571428571428
15312.0,0.43758333333333344
15316.0,0.27285714285714285
15399.0,0.4787499999999999
15402.0,0.4021153846153846
15404.0,0.43947115384615376
15405.0,0.23942460317460315
15406.0,0.20446428571428577
15413.0,0.5095918367346939
15432.0,0.42121031746031745
15433.0,0.3624404761904762
15434.0,0.30657738095238096
15435.0,0.3116156462585034
15462.0,0.3115218253968254
15482.0,0.30000000000000004
15483.0,0.29285714285714287
15484.0,0.31000000000000005
15485.0,0.30000000000000004
15486.0,0.48571428571428565
15487.0,0.15714285714285714
15488.0,
15490.0,
15491.0,0.298095238095238
15492.0,0.1714285714285714
15493.0,0.12892857142857145
15494.0,0.1495238095238095
15495.0,0.21000000000000002
15496.0,0.28821428571428576
15497.0,0.2789285714285714
15498.0,0.07964285714285714
15499.0,0.10904761904761906
15500.0,0.2917857142857143
15502.0,0.12285714285714286
15503.0,0.11476190476190477
15504.0,0.15904761904761908
15505.0,0.11857142857142856
15507.0,0.4026923076923077
15508.0,0.39715354090354094
15509.0,0.40016941391941396
15510.0,0.49598770277341714
15511.0,0.3961989795918367
15512.0,0.44796588827838835
15513.0,0.42937728937728936
15514.0,0.4374130036630037
15515.0,0.4583516483516483
15516.0,0.41297161172161173
15517.0,0.37142857142857144
15568.0,0.2918367346938776
15640.0,
15641.0,
15660.0,0.36329365079365084
15662.0,0.2837962962962963
15682.0,0.22431781564300363
15749.0,
15750.0,0.5166666666666666
15752.0,0.34528344671201816
15754.0,0.49971428571428567
15756.0,0.27554151404151406
15757.0,0.2783249898249898
15758.0,0.23684210526315788
15762.0,0.38708333333333333
15763.0,0.2597979797979798
15766.0,0.34441666666666665
15767.0,
15768.0,0.4276
15769.0,0.4625806878306878
15772.0,0.1348780487804878
15773.0,0.4485428571428571
15774.0,0.303517328042328
15775.0,-inf
15778.0,0.2856666666666667
15782.0,
15783.0,-inf
15784.0,
15785.0,
15786.0,0.13916666666666666
15787.0,0.46700404858299593
15789.0,0.18600000000000003
15790.0,0.24222222222222226
15791.0,
15802.0,0.2761172161172159
15803.0,0.1692307692307692
15804.0,0.15833333333333335
15805.0,0.33749999999999997
15809.0,0.2727272727272727
15810.0,
15811.0,0.08000000000000007
15813.0,2.0125
15814.0,
15819.0,0.5
15832.0,
15835.0,0.6920011337868485
15836.0,-inf
15841.0,
15844.0,
15853.0,
15868.0,
15869.0,0.275
15935.0,0.14571428571428566
15936.0,0.2566409632034632
15940.0,
15941.0,0.38
15942.0,0.19
15970.0,0.1269387755102041
15977.0,0.3851160714285714
15980.0,
15981.0,
15982.0,0.34090909090909094
15983.0,0.2997171717171717
16006.0,0.3525447828034035
16008.0,0.14836734693877554
16038.0,0.2220238095238095
16039.0,0.2978199404761905
16040.0,0.2565476190476191
16041.0,0.2751607142857143
16042.0,0.3184693877551021
16044.0,0.27875
16045.0,0.23071428571428573
16046.0,0.3671428571428572
16047.0,0.19500000000000003
16048.0,0.32523809523809527
16049.0,0.33476190476190476
16050.0,0.3925
16051.0,0.4935714285714286
16052.0,0.16238095238095243
16053.0,
16054.0,0.2571428571428571
16055.0,0.24190476190476196
16056.0,0.3133333333333334
16057.0,0.3516329365079365
16058.0,0.24078869047619048
16064.0,
16065.0,0.2377333333333333
16067.0,0.248
16083.0,
16086.0,0.21333059922533604
16089.0,
16090.0,
16091.0,0.3197089947089947
16092.0,
16107.0,0.31025
16108.0,0.23725000000000002
16130.0,
16135.0,
16136.0,0.025000000000000022
16137.0,0.055555555555555504
16138.0,0.09000000000000004
16142.0,0.14545454545454545
16154.0,
16155.0,0.2180952380952381
16156.0,0.14142857142857143
16157.0,0.19666666666666666
16158.0,0.16047619047619047
16159.0,0.11619047619047618
16160.0,0.17333333333333334
16161.0,0.22904761904761906
16162.0,0.29
16163.0,0.21666666666666665
16164.0,0.18095238095238098
16165.0,0.17714285714285713
16166.0,0.098
16167.0,0.16904761904761903
16170.0,
16215.0,0.4201098901098901
16216.0,0.3067669172932331
16250.0,
16251.0,0.1774
16252.0,0.123
16253.0,0.1548
16267.0,0.2185
16271.0,0.18666666666666668
16272.0,0.2423076923076923
16278.0,0.36363636363636365
16293.0,0.2880357142857143
16294.0,0.37484523809523795
16298.0,0.1935185185185185
16323.0,0.2725599400599401
16325.0,0.02499999999999991
16327.0,0.2188169642857143
16328.0,0.21522321428571428
16329.0,0.21723214285714287
16330.0,0.18609375
16331.0,0.19966517857142857
16332.0,0.17455357142857142
16333.0,0.1975892857142857
16334.0,0.19178571428571428
16335.0,0.28921874999999997
16336.0,0.3219047619047619
16337.0,0.2814285714285715
16338.0,0.3009523809523809
16339.0,0.19348214285714285
16340.0,0.21792410714285715
16341.0,0.23428571428571432
16342.0,0.2957142857142857
16343.0,0.24428571428571427
16344.0,0.23500000000000001
16345.0,0.2642857142857143
16347.0,0.2857142857142857
16348.0,0.27071428571428574
16349.0,0.2814285714285715
16350.0,0.25
16351.0,0.20266666666666666
16352.0,0.3057142857142857
16354.0,0.22642857142857142
16356.0,0.2335714285714286
16358.0,0.22999999999999998
16360.0,0.2392857142857143
16361.0,0.1471428571428571
16363.0,0.2642857142857143
16365.0,0.275
16372.0,0.2257714285714286
16374.0,0.24133333333333332
16384.0,0.06666666666666658
16394.0,0.3233333333333333
16398.0,0.12958333333333333
16415.0,0.3392857142857143
16424.0,0.2857142857142857
16428.0,0.24550925925925923
16429.0,0.41324074074074063
16465.0,
16469.0,0.1596338383838384
16483.0,0.2775
16485.0,0.28939153439153437
16486.0,0.2057142857142857
16487.0,0.37435119047619053
16488.0,0.22446428571428573
16489.0,0.3896164021164021
16497.0,0.26664115646258507
16498.0,0.3403968253968255
16499.0,0.3409350649350649
16500.0,0.35825
16501.0,0.18957417582417582
16502.0,0.24225340136054418
16503.0,0.18973214285714288
16509.0,
16512.0,0.3605757575757576
16513.0,0.152
16525.0,
16563.0,0.2576923076923077
16573.0,
16575.0,0.3584814814814815
16588.0,0.22566666666666668
16616.0,0.09062499999999998
16624.0,0.34292517006802725
16625.0,0.2883487940630798
16626.0,
16636.0,0.1475
16637.0,0.18857142857142856
16655.0,0.04799999999999999
16666.0,0.4305555555555555
16675.0,0.38999999999999985
16708.0,0.27270833333333333
16709.0,0.2627083333333334
16711.0,0.2659375
16712.0,0.26678571428571424
16755.0,0.3312121212121212
16776.0,
16799.0,0.29
16800.0,0.3275
16801.0,0.26685714285714285
16802.0,0.2699047619047619
16803.0,0.3512040263259775
16810.0,0.3900888888888888
16811.0,0.18714285714285714
16842.0,0.32840343915343917
16845.0,0.23606601731601728
16880.0,
16910.0,0.44888690476190474
16922.0,0.3289687499999999
16938.0,0.3323229166666667
16940.0,0.35530208333333335
16941.0,0.3303854166666667
16942.0,0.33140624999999996
16947.0,0.36781792717086825
16952.0,0.292510582010582
16958.0,0.35382783882783886
16961.0,0.38937719298245616
17031.0,0.5452261904761904
17032.0,0.28990476190476194
17033.0,0.2812380952380953
17034.0,0.23799999999999993
17042.0,
17043.0,0.384875
17044.0,0.15863095238095234
17050.0,0.14851190476190476
17063.0,0.30433862433862435
17065.0,0.19460317460317458
17076.0,0.31283333333333335
17112.0,0.14472222222222222
17117.0,0.1502691511387164
17125.0,0.17045454545454547
17126.0,0.25
17162.0,0.22359126984126987
17186.0,0.27428571428571424
17187.0,0.3043154761904763
17188.0,0.23638095238095236
17189.0,0.2348214285714286
17191.0,0.2962662337662338
17192.0,0.3341558441558441
17193.0,0.3446428571428571
17194.0,0.2761688311688312
17201.0,0.25500000000000006
17218.0,
17225.0,0.31085714285714283
17233.0,0.3013265306122449
17263.0,
17266.0,0.33555555555555555
17277.0,0.21142857142857144
17278.0,0.18253968253968253
17306.0,0.15
17307.0,
17325.0,0.19523809523809524
17330.0,0.1261904761904762
17339.0,0.22699999999999995
17364.0,0.11964285714285713
17375.0,
17377.0,0.26785714285714285
17378.0,0.08571428571428566
17384.0,0.1885714285714286
17385.0,0.2396428571428571
17386.0,0.2367857142857143
17388.0,0.28847619047619044
17401.0,0.23214285714285718
17402.0,0.19047619047619047
17403.0,0.3402857142857143
17404.0,0.47142857142857136
17405.0,0.36942857142857144
17409.0,
17436.0,0.3571428571428571
17437.0,0.29583333333333334
17438.0,0.2285714285714286
17439.0,0.2357142857142857
17449.0,0.21571022727272726
17450.0,0.18708333333333335
17451.0,0.18799242424242424
17452.0,0.2650162337662338
17453.0,0.2610795454545454
17468.0,
17475.0,
17532.0,0.19098214285714285
17537.0,
17563.0,0.15822619047619046
17574.0,0.4641049107142858
17575.0,0.25925000000000004
17589.0,0.34509640822140825
17609.0,0.15800865800865802
17624.0,0.38035714285714284
17625.0,0.28095238095238095
17626.0,0.37142857142857144
17627.0,0.2857142857142857
17628.0,0.13455555555555554
17631.0,0.14647883597883596
17632.0,0.19434523809523813
17633.0,0.19329241071428574
17634.0,0.18226785714285712
17636.0,0.1855654761904762
17637.0,0.14656226126814362
17638.0,0.13246498599439777
17639.0,0.23866562009419154
17640.0,0.15481646825396825
17686.0,0.23542592592592593
17687.0,0.1295
17693.0,inf
17696.0,0.23142857142857143
17704.0,0.2712988215488215
17706.0,0.33875
17717.0,0.3514285714285714
17718.0,0.23714285714285716
17719.0,0.24857142857142858
17720.0,0.17227922077922075
17721.0,0.19218831168831169
17726.0,0.2721693121693122
17727.0,0.21902116402116403
17728.0,0.19798941798941797
17729.0,0.25796296296296295
17730.0,0.2273015873015873
17732.0,0.22023809523809523
17733.0,0.23637566137566138
17734.0,0.2355026455026455
17735.0,0.26052910052910055
17736.0,0.23738095238095236
17738.0,0.241005291005291
17739.0,0.23947089947089945
17740.0,0.2424537037037037
17741.0,0.2675
17742.0,0.23318121693121696
17743.0,0.2608928571428571
17744.0,0.2294510582010582
17745.0,0.20777777777777776
17746.0,0.28621031746031744
17747.0,0.2624074074074074
17749.0,0.26323412698412696
17750.0,0.13603362573099415
17751.0,0.2391666666666667
17752.0,0.24471560846560847
17753.0,0.2429100529100529
17814.0,0.2633068783068783
17828.0,0.1593333333333333
17831.0,
17832.0,0.1663157894736842
17833.0,
17834.0,0.1368421052631579
17835.0,
17841.0,0.02190476190476192
17857.0,0.2857142857142857
17860.0,0.1849315476190476
17874.0,
17875.0,
17879.0,0.22142857142857153
17880.0,0.23000000000000004
17881.0,0.2685714285714284
17882.0,0.08142857142857134
17883.0,0.2285714285714285
17884.0,0.23571428571428577
17885.0,0.20285714285714285
17941.0,0.26363636363636367
17945.0,
17946.0,0.30000000000000004
18025.0,
18027.0,0.18654761904761907
18028.0,0.28378968253968256
18029.0,0.4170238095238095
18036.0,
18055.0,
18056.0,
18057.0,
18058.0,
18059.0,
18103.0,0.1207142857142857
18108.0,0.145
18127.0,0.2968253968253968
18128.0,0.2634920634920635
18129.0,0.30793650793650795
18130.0,0.22460317460317467
18132.0,
18133.0,0.27777777777777773
18134.0,0.33730158730158727
18140.0,0.264
18142.0,0.32762962962962966
18148.0,1.0714285714285714
18149.0,0.7717460317460318
18223.0,0.16666666666666663
18224.0,
18230.0,0.4156410256410256
18231.0,0.3829358974358975
18232.0,0.35788461538461536
18233.0,0.36866666666666664
18234.0,0.3469358974358974
18235.0,0.4221538461538461
18237.0,0.38055555555555554
18238.0,
18241.0,0.20944047619047615
18248.0,
18249.0,
18253.0,0.1381666666666667
18269.0,0.11199999999999992
18277.0,0.3004761904761905
18292.0,
18293.0,
18324.0,
18325.0,0.11857142857142858
18326.0,0.33428571428571424
18337.0,
18359.0,0.3683503401360544
18360.0,
18361.0,0.2658825549450549
18362.0,0.25703703703703706
18363.0,0.2655555555555556
18367.0,0.32799999999999996
18370.0,
18396.0,
18403.0,0.24458333333333332
18404.0,0.4035714285714286
18405.0,0.42857142857142855
18407.0,
18424.0,0.13124999999999998
18427.0,inf
18431.0,0.13999999999999996
18446.0,
18447.0,0.49285714285714266
18465.0,0.39666666666666667
18466.0,0.27999999999999997
18467.0,0.4066666666666667
18468.0,0.34
18473.0,
18483.0,0.22249999999999998
18484.0,0.2542857142857143
18488.0,0.2632142857142857
18492.0,0.011666666666666678
18513.0,
18514.0,
18515.0,
18516.0,0.37285714285714283
18518.0,0.1975
18521.0,0.17928571428571427
18523.0,0.16428571428571428
18535.0,0.2458095238095238
18536.0,0.2664835164835165
18537.0,0.21678571428571428
18538.0,0.22678571428571426
18541.0,
18542.0,
18543.0,
18544.0,
18545.0,
18559.0,0.040000000000000015
18560.0,0.04857142857142857
18590.0,
18591.0,0.28059523809523806
18600.0,
18603.0,0.14095238095238097
18604.0,0.19714285714285715
18606.0,0.24904761904761905
18607.0,0.25857142857142856
18608.0,0.25285714285714284
18609.0,0.30976190476190474
18610.0,0.24976190476190477
18611.0,0.255952380952381
18613.0,
18614.0,0.31666666666666665
18615.0,0.6166666666666666
18616.0,0.345
18620.0,0.2498888888888889
18621.0,0.23214285714285715
18626.0,0.22640000000000002
18627.0,
18631.0,0.16190476190476188
18633.0,0.05195238095238094
18635.0,0.25666666666666665
18637.0,0.2638095238095238
18669.0,0.25028968253968253
18670.0,0.27826190476190477
18671.0,0.23142328042328042
18672.0,0.2035026455026455
18673.0,0.2316666666666667
18674.0,0.21999470899470897
18675.0,0.2734391534391534
18676.0,-0.029947619047619067
18677.0,0.20682976190476193
18678.0,0.2097989417989418
18679.0,0.03172413793103448
18680.0,
18726.0,0.2835884353741497
18732.0,0.3055308409913673
18733.0,0.3259193121693122
18734.0,0.3183531746031746
18735.0,0.24750000000000005
18736.0,0.2917006802721089
18737.0,0.29671428571428576
18739.0,0.3317857142857143
18740.0,0.29797619047619045
18741.0,0.28732142857142856
18742.0,0.2379421768707483
18743.0,0.35909523809523813
18744.0,0.3352380952380952
18745.0,0.332936507936508
18746.0,0.34571428571428564
18747.0,0.29714285714285715
18748.0,0.31034013605442184
18749.0,0.31283245149911815
18750.0,0.2928042328042328
18751.0,0.2651700680272109
18753.0,
18754.0,
18755.0,
18759.0,
18760.0,0.21843483053182694
18761.0,
18776.0,0.24946428571428572
18789.0,0.1
18803.0,0.06153846153846153
18817.0,0.18701587301587302
18819.0,0.20889740611691834
18820.0,0.2630793650793651
18827.0,0.03333333333333333
18828.0,0.06944444444444445
18829.0,0.12999999999999998
18831.0,0.08645021645021644
18832.0,0.049484126984126985
18833.0,0.06003968253968254
18834.0,0.09841269841269844
18872.0,
18876.0,0.1566212121212121
18877.0,0.21779761904761905
18901.0,0.17535714285714285
18902.0,0.2150396825396825
18912.0,0.3696969696969697
18918.0,0.36355555555555563
18919.0,0.37730357142857146
18920.0,0.4729980158730158
18921.0,0.42822023809523807
18922.0,0.3682460317460317
18923.0,0.3793115079365079
18924.0,0.3097281746031746
18925.0,0.3906626984126984
18952.0,
18958.0,-inf
18975.0,-inf
18976.0,0.25357142857142856
18989.0,0.1634920634920635
18996.0,
19044.0,0.19054421768707483
19047.0,0.3811136363636364
19049.0,0.3995000000000001
19050.0,0.36191666666666666
19061.0,0.2747959183673469
19062.0,0.21668779633065346
19063.0,0.2814192949907235
19064.0,0.1815630797773655
19065.0,0.24170346320346323
19066.0,0.6678571428571429
19067.0,0.15657359307359303
19068.0,0.19749845392702534
19069.0,0.18769944341372913
19070.0,0.15908249158249158
19072.0,0.19772294372294374
19077.0,0.4669642857142858
19078.0,0.26053571428571426
19088.0,0.09743589743589744
19090.0,0.319625
19092.0,0.23512500000000003
19098.0,0.2907142857142857
19124.0,0.2926060606060606
19131.0,
19169.0,0.19695578231292515
19214.0,0.20246498599439777
19222.0,0.24296703296703298
19238.0,0.11824255952380952
19239.0,0.20780952380952383
19247.0,0.22176190476190477
19252.0,0.1252470238095238
19253.0,0.08714583333333333
19261.0,0.23158730158730156
19294.0,0.27913756613756613
19296.0,0.24716578483245152
19297.0,0.3144373897707231
19298.0,0.3646190476190476
19299.0,0.3245273368606702
19300.0,0.19960317460317456
19301.0,0.07051020408163264
19302.0,0.4324603174603174
19303.0,0.13608818342151674
19304.0,0.25059523809523815
19305.0,0.2763988095238096
19306.0,0.285
19307.0,0.21222619047619046
19308.0,0.23253968253968252
19309.0,0.2648342151675485
19310.0,0.24719387755102046
19311.0,0.2546343537414966
19312.0,0.28596938775510206
19313.0,0.2950545634920635
19314.0,0.20569047619047617
19315.0,0.22404761904761905
19316.0,0.19119047619047622
19317.0,0.20520238095238094
19318.0,0.21333333333333332
19319.0,0.19639285714285717
19320.0,0.2019285714285714
19321.0,0.1864285714285714
19322.0,0.1596676587301587
19323.0,0.21727678571428571
19324.0,0.2133452380952381
19366.0,0.20958333333333332
19367.0,0.18937499999999996
19369.0,0.3058035714285714
19370.0,0.2721726190476191
19372.0,0.20395833333333332
19375.0,
19433.0,inf
19471.0,0.22815476190476192
19483.0,0.3126948051948052
19484.0,0.3627570346320346
19492.0,
19508.0,
19518.0,0.3204978354978355
19519.0,0.2669642857142857
19529.0,0.255952380952381
19530.0,0.2445578231292517
19534.0,0.2879251700680272
19555.0,0.31056998556998555
19584.0,0.2231967787114846
19600.0,0.2831428571428572
19614.0,inf
19615.0,-inf
19629.0,0.19476190476190477
19630.0,0.15095238095238098
19640.0,0.1258154761904762
19653.0,0.21349601379013144
19665.0,
19669.0,0.3410714285714286
19670.0,0.38576190476190475
19671.0,0.30892857142857144
19672.0,0.22063492063492063
19676.0,0.08233333333333336
19680.0,0.15117559523809523
19681.0,0.3988311688311689
19682.0,0.13662261904761905
19683.0,0.1296607142857143
19684.0,0.11913690476190478
19685.0,0.13174603174603175
19686.0,0.1285714285714286
19687.0,0.13650793650793652
19688.0,0.1253968253968254
19689.0,0.1621315192743764
19691.0,0.15982142857142856
19692.0,0.15657596371882088
19693.0,0.1538548752834467
19696.0,0.09702267573696145
19697.0,0.1091201814058957
19700.0,0.13743386243386244
19755.0,0.25357142857142856
19777.0,0.25125
19778.0,0.23583333333333334
19779.0,0.22791666666666666
19780.0,0.25875000000000004
19781.0,0.23708333333333334
19803.0,0.2722710622710623
19808.0,0.24625850340136052
19822.0,0.18571428571428572
19824.0,0.25
19855.0,0.20634920634920637
19869.0,
19871.0,0.25928571428571423
19872.0,0.2601428571428571
19873.0,0.22285714285714286
19874.0,0.22523809523809524
19940.0,0.20909090909090916
19941.0,0.24545454545454548
20024.0,0.2664285714285714
20026.0,0.43710119047619045
20027.0,0.47207142857142853
20075.0,0.20731292517006802
20076.0,
20124.0,
20136.0,2.066666666666667
20150.0,0.22904761904761903
20151.0,0.22791666666666666
20152.0,0.23206349206349208
20164.0,0.19197478991596637
20184.0,0.3938571428571429
20189.0,
20190.0,-inf
20197.0,0.16849537037037035
20216.0,0.20615646258503403
20246.0,0.20769230769230768
20259.0,0.1947936507936508
20269.0,
20294.0,0.21139682539682542
20343.0,0.1809259259259259
20390.0,0.25265873015873014
20401.0,0.27781249999999996
20404.0,0.30242658730158734
20405.0,0.33596031746031746
20407.0,0.20189393939393943
20408.0,0.20986363636363634
20409.0,0.22115151515151518
20410.0,0.21480303030303027
20429.0,0.2846498599439776
20438.0,0.2310644257703081
20510.0,0.31003174603174605
20521.0,inf
20526.0,0.20087301587301587
20529.0,0.2235
20530.0,0.20057142857142857
20531.0,0.1905
20550.0,0.260468671679198
20585.0,0.3485683497536946
20586.0,0.31304720853858786
20600.0,0.25671904761904757
20610.0,0.1662202380952381
20614.0,0.13731150793650793
20615.0,0.19314285714285712
20616.0,0.18619047619047618
20617.0,0.29857142857142854
20618.0,0.2442857142857143
20619.0,
20620.0,
20640.0,0.11738095238095238
20641.0,0.14035714285714287
20658.0,0.2367052154195011
20659.0,0.2296459096459096
20660.0,0.23213919413919415
20661.0,0.2646251526251526
20662.0,0.24832478632478636
20663.0,0.2055873015873016
20664.0,0.2092283272283272
20665.0,0.14022927689594356
20666.0,0.190949938949939
20667.0,0.2078852258852259
20668.0,0.1897728937728938
20669.0,0.17083174603174606
20671.0,0.20993650793650798
20672.0,0.16475702075702087
20714.0,0.29699159663865543
20739.0,0.12380952380952381
20741.0,0.22266666666666665
20742.0,0.06785714285714287
20750.0,0.25353535353535367
20751.0,0.08607142857142858
20752.0,0.1265
20753.0,
20754.0,
20756.0,0.26399999999999996
20758.0,
20762.0,0.05384615384615386
20763.0,0.21846153846153846
20764.0,0.05
20765.0,0.07874999999999999
20770.0,0.17913043478260873
20771.0,0.5129166666666667
20798.0,
20800.0,0.0716666666666667
20818.0,0.26413333333333333
20834.0,
20835.0,0.196875
20836.0,0.20792857142857146
20837.0,
20841.0,0.17373015873015873
20845.0,0.125
20846.0,0.23199999999999993
20847.0,0.23299999999999996
20848.0,0.26766666666666666
20849.0,0.288
20850.0,0.08923076923076921
20857.0,0.2958241758241758
20886.0,
20887.0,0.07041666666666652
20890.0,0.15999999999999998
20892.0,
20898.0,
20936.0,0.19266666666666665
20940.0,0.23357142857142862
20941.0,
20943.0,0.205
20944.0,0.14345454545454545
20948.0,0.24777777777777776
20949.0,0.2047474747474748
20953.0,0.12545454545454546
20954.0,0.17500000000000002
20956.0,0.1875
20970.0,
20971.0,
20973.0,0.19371428571428573
20974.0,0.23987012987012984
20975.0,0.23974025974025973
20976.0,0.30597402597402595
20977.0,0.31857142857142856
20978.0,0.22979591836734695
20979.0,0.215
20980.0,0.21422654268808117
20981.0,0.25845238095238093
20982.0,0.24321428571428572
20988.0,0.15428571428571428
20989.0,0.39220779220779217
20990.0,0.34714285714285714
20991.0,inf
20992.0,0.15103896103896106
21019.0,0.43876107226107225
21020.0,0.45
21022.0,0.19780158730158728
21023.0,0.17161904761904764
21024.0,
21025.0,0.22755555555555554
21026.0,
21079.0,0.33510571400277284
21089.0,0.244
21099.0,0.4153333333333334
21127.0,
21167.0,0.28022222222222226
21181.0,
21182.0,
21196.0,
21197.0,
21203.0,0.18973063973063972
21269.0,0.3526700680272109
21271.0,0.3629761904761905
21273.0,0.3929251700680272
21280.0,0.13095238095238096
21281.0,0.1607142857142857
21346.0,
21347.0,0.3936363636363636
21349.0,0.1368
21350.0,
21360.0,
21366.0,0.15136217948717953
21382.0,0.17883116883116884
21413.0,0.41500000000000004
21461.0,0.23497916666666668
21485.0,0.4374588235294118
21595.0,
21596.0,0.17778732545649836
21597.0,0.1870408163265306
21598.0,0.27935483870967737
21599.0,0.46967741935483864
21600.0,0.2319354838709677
21601.0,0.22580645161290322
21602.0,0.4235483870967742
21659.0,
21660.0,
21661.0,0.15719999999999998
21662.0,0.16986666666666667
21663.0,0.11766666666666667
21680.0,0.25785884353741495
21681.0,0.2483579931972789
21684.0,-inf
21686.0,0.2549450549450549
21687.0,0.28214285714285714
21688.0,0.2380952380952381
21695.0,0.20714285714285713
21696.0,0.30714285714285716
21697.0,0.4392857142857143
21698.0,0.19285714285714284
21699.0,0.14693877551020407
21700.0,0.19285714285714287
21701.0,0.24285714285714288
21716.0,0.3212083333333333
21728.0,0.14175824175824175
21731.0,
21732.0,0.162
21831.0,0.38933333333333336
21834.0,
21866.0,0.19999999999999996
21882.0,
21892.0,
21907.0,0.21977777777777777
21908.0,0.188
21931.0,
21939.0,0.3201582892416226
21940.0,0.3151936553030303
21944.0,0.2308571428571429
21945.0,
21965.0,0.17
21966.0,0.3248275862068965
21967.0,
21968.0,0.26117647058823534
21970.0,
21971.0,0.3333333333333333
21983.0,
21988.0,0.37
21995.0,0.1858441558441558
21997.0,0.17272727272727273
21998.0,0.1607142857142857
22004.0,0.4459999999999999
22007.0,0.5666666666666667
22010.0,
22023.0,0.11754545454545455
22035.0,
22068.0,
22116.0,0.3727272727272727
22117.0,
22118.0,
22119.0,0.29166666666666663
22124.0,inf
22130.0,0.275
22132.0,
22133.0,0.3987912087912087
22134.0,0.4290918803418804
22135.0,0.3071428571428571
22173.0,0.05333333333333331
22174.0,0.341
22182.0,0.18083333333333332
22183.0,
22184.0,
22185.0,
22235.0,0.30816017316017313
22236.0,0.278031746031746
22237.0,0.3429428571428571
22261.0,
22262.0,
22263.0,
22264.0,0.1857142857142857
22265.0,0.1937142857142857
22266.0,0.1904761904761905
22267.0,0.2
22268.0,0.2928571428571428
22269.0,
22273.0,
22304.0,0.17700000000000005
22305.0,0.21785714285714286
22306.0,
22307.0,
22318.0,0.2781190476190476
22325.0,
22329.0,0.18486111111111106
22330.0,0.11925925925925925
22353.0,
22354.0,
22355.0,0.3333333333333333
22369.0,
22445.0,
22446.0,
22447.0,
22448.0,0.09655172413793106
22452.0,0.17777777777777776
22453.0,0.2
22456.0,0.19112745098039216
22461.0,0.6178947368421053
22479.0,
22500.0,0.22466666666666663
22508.0,0.2910963718820862
22510.0,0.313687074829932
22522.0,0.2766666666666666
22526.0,
22532.0,0.22333333333333338
22533.0,0.2683333333333333
22534.0,0.24666666666666667
22535.0,
22536.0,0.295
22588.0,
22589.0,
22590.0,0.07749999999999999
22595.0,
22612.0,0.19158333333333333
22613.0,0.21558333333333335
22623.0,0.14876007326007332
22626.0,0.2922619047619047
22636.0,
22650.0,0.27500000000000036
22651.0,
22688.0,0.21709523809523815
22689.0,0.18928571428571428
22690.0,0.1685714285714286
22702.0,
22780.0,0.36105291005291007
22802.0,
22813.0,0.19428571428571426
22815.0,0.12999999999999998
22845.0,0.15928571428571445
22893.0,0.21277777777777776
22894.0,0.29666666666666663
22895.0,0.2482142857142857
22896.0,0.24857142857142855
22898.0,0.3515873015873016
22899.0,0.27380952380952384
22900.0,0.22269841269841273
22901.0,0.23587301587301587
22908.0,
22960.0,0.17142857142857146
22961.0,0.15345238095238095
22962.0,0.2425170068027211
22963.0,0.13015873015873014
22964.0,0.2154613095238095
22965.0,0.10510204081632654
22990.0,
23025.0,0.23355952380952383
23028.0,
23068.0,
23069.0,
23106.0,0.19428571428571426
23108.0,0.1326530612244898
23109.0,0.16326530612244897
23110.0,0.15769230769230771
23111.0,0.20047619047619047
23120.0,0.3085034013605442
23121.0,0.3474965986394558
23122.0,0.2662125850340136
23123.0,0.2244107142857143
23124.0,0.4222665945165945
23125.0,0.3766482683982684
23127.0,0.464839466089466
23128.0,0.42523448773448774
23132.0,0.40092460317460316
23133.0,0.29300000000000004
23134.0,0.3822377344877345
23185.0,0.2092948717948718
23191.0,0.3749220779220779
23194.0,0.2671428571428571
23208.0,0.2897283272283272
23209.0,0.254485347985348
23211.0,0.2859074074074074
23212.0,0.2690747354497355
23213.0,0.3009047619047619
23214.0,0.2746937830687831
23215.0,0.2973842592592593
23247.0,
23260.0,
23297.0,0.4352888888888889
23298.0,
23316.0,0.20740259740259742
23317.0,0.4285714285714286
23318.0,0.3136904761904762
23326.0,0.1580045351473923
23327.0,0.16285714285714287
23328.0,0.16695652173913045
23329.0,0.168008658008658
23330.0,0.1845021645021645
23331.0,0.15392290249433108
23340.0,0.19296527777777778
23341.0,0.1536190476190476
23342.0,0.20272916666666668
23359.0,
23360.0,
23361.0,
23362.0,
23371.0,0.20487500000000003
23377.0,0.24942640692640694
23378.0,0.22154761904761902
23379.0,0.32699999999999985
23380.0,0.31594444444444436
23381.0,0.2840222222222223
23382.0,0.2806666666666666
23435.0,0.16515406162464985
23450.0,
23451.0,
23455.0,
23529.0,
23530.0,
23531.0,
23532.0,
23561.0,0.13399999999999998
23633.0,0.17619047619047618
23634.0,0.18160401002506266
23654.0,
23673.0,
23685.0,0.18047619047619048
23686.0,0.13977380952380952
23699.0,0.29221978021978023
23701.0,0.26046153846153847
23702.0,0.26068131868131866
23703.0,0.27072527472527474
23704.0,0.3107032967032967
23705.0,0.2728571428571428
23706.0,0.28846153846153844
23707.0,0.2918021978021978
23708.0,0.28903296703296705
23709.0,0.27336263736263733
23710.0,0.2462857142857143
23711.0,0.2835604395604395
23732.0,0.27799999999999997
23733.0,0.2563571428571429
23734.0,0.3014
23735.0,0.2514
23736.0,0.26778571428571435
23737.0,0.27416666666666667
23738.0,0.24303333333333335
23739.0,0.18038095238095236
23740.0,0.2649
23741.0,0.24725
23742.0,0.23600000000000002
23817.0,
23823.0,0.11124060150375936
23824.0,-0.0138311688311688
23826.0,0.11469924812030077
23839.0,0.23228571428571426
23840.0,0.24214285714285716
23841.0,inf
23842.0,inf
23843.0,inf
23844.0,0.20514285714285715
23845.0,
23846.0,0.25057142857142856
23847.0,inf
23848.0,inf
23849.0,0.22428571428571425
23850.0,inf
23884.0,
23889.0,
23945.0,0.10290476190476192
23976.0,0.0955047619047619
23977.0,0.07912380952380951
23978.0,0.1032010582010582
23979.0,inf
23980.0,0.12502777777777774
23991.0,0.3334375
24000.0,0.0969230769230769
24003.0,0.1676923076923077
24032.0,
24039.0,0.12419047619047618
24040.0,0.1426666666666667
24041.0,0.13385714285714287
24042.0,0.27176190476190476
24043.0,0.15114285714285713
24044.0,0.1602380952380952
24045.0,0.124
24046.0,0.26085714285714284
24047.0,0.1523809523809524
24049.0,0.16842857142857146
24050.0,0.08704761904761904
24051.0,0.19690476190476192
24052.0,0.22438095238095238
24053.0,0.10761904761904763
24054.0,0.2114285714285714
24071.0,0.2047058823529412
24086.0,0.35532142857142857
24087.0,0.3165357142857143
24088.0,0.29416326530612247
24089.0,0.22131428571428574
24090.0,0.21285714285714286
24091.0,0.2447142857142857
24092.0,0.288938775510204
24093.0,0.3135357142857143
24102.0,0.39285714285714285
24103.0,0.2042857142857143
24104.0,0.20928571428571427
24105.0,0.20035714285714284
24153.0,0.30599999999999994
24154.0,0.3512251984126984
24155.0,0.32078373015873013
24168.0,
24169.0,0.275
24175.0,0.29714285714285715
24178.0,
24182.0,0.3527619047619048
24190.0,-inf
24191.0,0.10779365079365077
24193.0,0.17203854875283445
24204.0,0.14714285714285716
24205.0,0.7294505494505494
24206.0,0.2
24207.0,0.2371428571428571
24218.0,
24223.0,0.0
24235.0,
24240.0,
24257.0,0.21000000000000002
24261.0,
24272.0,
24300.0,inf
24301.0,inf
24303.0,0.1324810606060606
24304.0,0.2689697802197802
24305.0,0.12576232247284877
24307.0,0.11493867243867245
24308.0,0.15664285714285714
24317.0,inf
24321.0,1.293103448275862
24331.0,0.3333333333333333
24384.0,
24394.0,0.0619047619047619
24395.0,0.08361038961038962
24396.0,0.03685714285714285
24403.0,
24409.0,
24411.0,0.12714285714285709
24420.0,
24435.0,
24444.0,0.2051911764705882
24445.0,
24446.0,0.2552380952380952
24458.0,
24475.0,
24476.0,0.43809523809523815
24477.0,0.41428571428571437
24478.0,0.11921428571428572
24480.0,0.1
24505.0,
24506.0,0.3834316635745207
24507.0,0.46507936507936504
24508.0,0.27999999999999997
24509.0,
24517.0,0.31258799171842655
24518.0,0.32152597402597405
24519.0,0.31346153846153846
24520.0,0.32877976190476194
24521.0,0.3275619047619048
24522.0,0.35982600732600734
24538.0,
24541.0,0.19392857142857142
24542.0,0.18357142857142855
24543.0,0.1642857142857143
24544.0,0.17142857142857143
24545.0,0.175
24546.0,0.21714285714285714
24561.0,
24569.0,0.13968253968253969
24570.0,0.15079365079365079
24571.0,0.14107142857142857
24572.0,0.12428571428571429
24573.0,0.10714285714285714
24574.0,0.11904761904761904
24575.0,0.13303571428571426
24609.0,
24623.0,
24632.0,0.16545454545454547
24649.0,
24650.0,0.06571428571428571
24652.0,0.25047619047619046
24670.0,0.13514285714285712
24671.0,0.12657142857142858
24672.0,0.16880952380952383
24673.0,0.11476190476190475
24674.0,0.14661904761904762
24685.0,0.2960714285714286
24686.0,0.2103896103896104
24688.0,-inf
24689.0,0.2736904761904762
24690.0,0.23845238095238094
24691.0,0.2561904761904762
24692.0,0.27226190476190476
24693.0,0.16545454545454547
24694.0,0.24528571428571427
24695.0,0.2114285714285714
24738.0,0.2517460317460318
24739.0,0.2289142857142857
24740.0,0.2257453416149068
24741.0,0.2037121212121212
24742.0,0.20797101449275363
24743.0,0.2354865424430642
24761.0,0.32181932773109245
24762.0,0.19850649350649352
24763.0,0.1871948051948052
24764.0,0.16435714285714287
24765.0,0.1857698412698413
24766.0,0.1651857142857143
24767.0,0.18985714285714286
24768.0,0.13874107142857145
24769.0,0.2318392857142857
24770.0,0.22380102040816327
24771.0,0.1805357142857143
24772.0,0.15396825396825398
24773.0,0.17387755102040817
24774.0,0.19555555555555554
24775.0,0.15964285714285717
24776.0,0.20448979591836736
24777.0,0.22619047619047622
24778.0,0.1875
24804.0,
24808.0,0.22703703703703704
24814.0,0.3749548229548228
24815.0,-inf
24819.0,0.41837857142857143
24834.0,0.4042857142857143
24836.0,0.3466666666666667
24846.0,
24849.0,
24881.0,0.19181632653061223
24882.0,0.19119274376417236
24883.0,0.1846984126984127
24884.0,0.1935588972431078
24885.0,0.1684761904761905
24886.0,0.3042989417989418
24888.0,0.31928571428571423
24889.0,0.25770238095238096
24890.0,0.0921904761904762
24891.0,0.06493650793650793
24892.0,
24893.0,
24894.0,
24895.0,
24946.0,0.17003703703703701
24948.0,0.09794871794871796
24949.0,0.7636363636363636
24950.0,0.6666666666666666
24952.0,0.8825000000000001
24965.0,0.35714285714285715
24966.0,0.3474285714285714
24970.0,0.2087675070028011
24971.0,0.17587858535226958
24972.0,0.17243386243386244
24977.0,0.1982142857142857
24980.0,0.24315476190476193
24987.0,0.11351708851708849
24994.0,
25019.0,0.2962857142857143
25020.0,0.30885714285714283
25021.0,0.3154285714285714
25022.0,0.37246753246753245
25023.0,0.40857142857142864
25024.0,0.440952380952381
25025.0,0.45571428571428574
25049.0,0.3028571428571429
25050.0,0.25333333333333335
25051.0,0.31928571428571423
25052.0,0.2454761904761905
25053.0,0.29
25054.0,0.2921428571428571
25072.0,0.09304347826086955
25073.0,0.039285714285714333
25074.0,
25077.0,0.12583333333333332
25078.0,0.2314285714285714
25079.0,0.1675
25080.0,0.2394285714285714
25081.0,0.30428571428571427
25087.0,
25088.0,0.15119047619047618
25090.0,
25091.0,
25108.0,
25130.0,0.33540816326530615
25131.0,0.32279591836734695
25132.0,0.29377551020408166
25133.0,0.2979183673469388
25134.0,0.34397278911564627
25135.0,0.37548979591836734
25136.0,0.3336530612244898
25137.0,0.33995238095238095
25138.0,0.40238775510204083
25139.0,0.32510204081632654
25140.0,0.43298639455782323
25141.0,0.45429251700680273
25142.0,0.4109659863945579
25143.0,0.40452380952380956
25144.0,0.4250272108843537
25145.0,0.29333333333333333
25146.0,0.37686394557823133
25148.0,0.34914285714285714
25149.0,0.32571428571428573
25150.0,0.3468027210884354
25152.0,0.34365079365079365
25181.0,0.21544444444444444
25182.0,0.21205555555555555
25183.0,0.21320370370370373
25187.0,0.23823529411764705
25189.0,0.25287037037037036
25204.0,0.27892857142857147
25205.0,0.28714285714285714
25214.0,0.36
25217.0,0.41525793650793646
25256.0,0.16257142857142856
25258.0,0.3262435064935065
25273.0,0.027272727272727258
25274.0,0.24350649350649356
25307.0,0.31016161616161614
25308.0,0.3169375
25309.0,0.3194375
25310.0,0.2174375
25311.0,0.34965625
25312.0,0.328125
25313.0,0.30715625
25314.0,0.18784375
25315.0,0.2760714285714286
25316.0,
25333.0,0.4335404761904761
25334.0,0.3085333333333333
25336.0,0.3366031746031746
25338.0,0.24671904761904764
25353.0,0.29829545454545453
25360.0,0.16288756613756616
25361.0,0.1510820105820106
25362.0,0.09510317460317459
25375.0,0.07928571428571428
25376.0,0.06214285714285714
25378.0,0.044285714285714296
25379.0,0.04142857142857143
25381.0,0.11666666666666667
25388.0,
25391.0,0.26748571428571427
25411.0,0.30319047619047623
25412.0,
25419.0,0.11428571428571425
25440.0,-0.16666666666666666
25441.0,0.13063492063492066
25442.0,0.028571428571428564
25443.0,
25444.0,
25445.0,
25546.0,
25547.0,
25551.0,
25552.0,0.007500000000000284
25553.0,0.2799999999999998
25567.0,0.33628571428571424
25577.0,0.19999999999999987
25578.0,0.23333333333333325
25579.0,0.2999999999999998
25580.0,0.0
25581.0,0.06714285714285713
25582.0,0.1421428571428572
25584.0,0.3765714285714286
25585.0,
25586.0,
25613.0,0.0857142857142857
25617.0,0.3316805555555556
25649.0,0.15
25706.0,0.24744444444444444
25707.0,0.15187301587301588
25708.0,0.15538095238095234
25881.0,
25890.0,0.18085714285714288
25895.0,0.38749999999999996
25896.0,0.27342857142857147
25897.0,0.24678571428571427
25898.0,0.1960714285714286
25901.0,0.18542857142857141
25920.0,0.1611904761904762
25945.0,0.7764423076923077
25967.0,0.16512400793650792
25968.0,0.2619642857142857
25976.0,
25977.0,
25999.0,0.26657142857142857
26008.0,0.1760714285714286
26048.0,0.2785714285714286
26049.0,0.2523809523809524
26050.0,
26051.0,0.21503571428571427
26052.0,0.22
26053.0,
26056.0,0.31408163265306127
26057.0,0.26537414965986394
26058.0,0.25602040816326527
26059.0,0.3186522108843537
26060.0,0.255
26061.0,0.26581632653061227
26062.0,0.271734693877551
26093.0,0.46760204081632656
26110.0,0.05660714285714283
26153.0,
26165.0,0.1757142857142857
26166.0,0.21285714285714283
26175.0,
26176.0,0.2735714285714286
26177.0,0.2558333333333333
26178.0,0.03622222222222224
26180.0,0.20930059523809524
26215.0,1.0714285714285714
26216.0,0.3206666666666667
26218.0,0.17333333333333334
26219.0,0.152
26220.0,0.17466666666666666
26221.0,0.17533333333333334
26238.0,0.2353373015873016
26239.0,0.2869778911564626
26240.0,0.2573313492063492
26241.0,0.3329574829931973
26242.0,0.2991173469387755
26243.0,0.254375
26244.0,0.3014484126984127
26245.0,0.28882142857142856
26246.0,0.3003452380952381
26247.0,0.25107142857142856
26248.0,0.31326388888888884
26249.0,0.2605456349206349
26250.0,0.3056785714285714
26251.0,0.31826870748299324
26252.0,0.2863095238095238
26253.0,0.3276587301587301
26254.0,0.2742857142857143
26255.0,0.2657142857142856
26256.0,0.30859126984126983
26257.0,0.22535714285714284
26258.0,0.2772363945578231
26422.0,
26436.0,
26438.0,
26440.0,
26445.0,0.25367724867724867
26446.0,0.24550264550264553
26447.0,0.2721130952380952
26448.0,0.21698412698412697
26449.0,0.23964947089947086
26450.0,0.2047222222222222
26475.0,0.24349945887445892
26476.0,0.22213636363636363
26477.0,0.23330519480519485
26479.0,0.24286580086580084
26480.0,0.2054117965367965
26481.0,0.23329545454545456
26482.0,0.19294372294372297
26483.0,0.26465854978354975
26491.0,0.23214285714285715
26509.0,
26510.0,0.24044949494949497
26511.0,0.26258585858585864
26512.0,0.2556919191919192
26513.0,0.2341414141414142
26514.0,0.22177272727272723
26515.0,0.2202232529375386
26516.0,0.1735984848484849
26551.0,0.19964285714285715
26552.0,0.039523809523809524
26560.0,0.09057692307692308
26561.0,0.1248076923076923
26567.0,0.1582987012987013
26568.0,0.18968274582560296
26569.0,0.2164393939393939
26570.0,0.3341176470588235
26571.0,0.4229411764705883
26574.0,0.64
26580.0,
26599.0,0.2875
26653.0,
26682.0,0.22499206349206352
26683.0,0.3104202898550725
26684.0,0.1861304347826087
26687.0,0.11499999999999999
26690.0,0.039999999999999945
26775.0,
26798.0,0.10499999999999998
26808.0,0.18163408521303256
26809.0,0.35372288359788356
26818.0,0.33076923076923076
26845.0,
26859.0,
26894.0,
26913.0,
26914.0,
26945.0,0.2766666666666666
26981.0,
27000.0,-0.023015873015873003
27003.0,0.04488095238095239
27014.0,0.2177916666666667
27016.0,0.2052551020408163
27018.0,0.23605357142857142
27019.0,0.0699619047619048
27020.0,
27023.0,
27036.0,
27045.0,0.27391304347826084
27048.0,
27082.0,0.3159693877551021
27083.0,0.3060204081632653
27084.0,0.30563775510204083
27085.0,0.3215816326530612
27086.0,0.2649285714285714
27087.0,0.261452380952381
27088.0,0.2586428571428571
27089.0,0.25626190476190475
27090.0,0.2474761904761905
27091.0,0.2694761904761905
27092.0,0.2654047619047619
27093.0,0.24371428571428572
27094.0,0.2409047619047619
27095.0,0.26376190476190475
27096.0,0.2535
27098.0,0.28701298701298705
27099.0,0.28051948051948056
27100.0,0.2857142857142857
27101.0,0.2753246753246753
27102.0,0.287012987012987
27103.0,0.27012987012987016
27104.0,0.251948051948052
27105.0,0.2701298701298701
27106.0,0.2727272727272727
27107.0,0.2727272727272727
27108.0,0.261038961038961
27109.0,0.2714285714285714
27146.0,0.1626190476190476
27147.0,0.13107142857142856
27148.0,0.12976190476190477
27149.0,0.18416666666666665
27150.0,0.15404761904761904
27151.0,0.146875
27152.0,0.1833333333333333
27153.0,0.1498809523809524
27164.0,0.30428571428571427
27165.0,0.2671428571428571
27166.0,0.2671428571428572
27167.0,0.24571428571428572
27168.0,0.2785714285714286
27169.0,0.3228571428571429
27170.0,0.22999999999999998
27171.0,0.2778571428571429
27172.0,0.2628571428571429
27173.0,0.23928571428571427
27184.0,0.19270833333333331
27185.0,0.21443452380952382
27186.0,0.16666666666666666
27187.0,0.11827731092436974
27188.0,0.21428571428571427
27189.0,0.20424369747899157
27190.0,0.15572128851540618
27205.0,0.11973985890652557
27227.0,0.18357142857142858
27228.0,0.14523809523809525
27242.0,
27254.0,
27255.0,
27271.0,inf
27282.0,0.22363549783549783
27283.0,0.19757816257816257
27284.0,0.1979753246753247
27285.0,0.24643549783549784
27294.0,0.29100108225108223
27295.0,0.32488636363636364
27296.0,0.2956493506493506
27297.0,0.3049025974025974
27298.0,0.2814177489177489
27299.0,0.3087987012987013
27300.0,0.34100649350649354
27301.0,0.3182034632034632
27302.0,0.3211201298701299
27303.0,0.3379220779220779
27304.0,0.3271861471861472
27305.0,0.3173755411255411
27325.0,0.0285714285714286
27326.0,-inf
27327.0,0.19333333333333336
27328.0,
27330.0,0.03999999999999997
27381.0,
27384.0,
27386.0,
27387.0,0.0
27413.0,0.23422619047619048
27414.0,0.18214285714285716
27415.0,0.24452380952380956
27416.0,0.20597883597883598
27428.0,
27455.0,0.1477287712287713
27461.0,0.6185
27486.0,
27512.0,0.2476068376068376
27544.0,
27549.0,0.24749735449735452
27550.0,0.2316560846560847
27551.0,0.2536719576719577
27552.0,0.11045238095238094
27553.0,0.06819727891156462
27555.0,0.189
27556.0,0.19111222519310755
27557.0,0.3505
27558.0,0.3868199855699856
27559.0,0.49802083333333336
27560.0,0.10142857142857142
27563.0,
27579.0,0.3302040816326531
27582.0,0.38159090909090904
27583.0,0.3114069264069264
27584.0,0.3841964285714286
27604.0,0.07466666666666669
27605.0,0.09029166666666666
27609.0,0.20000000000000007
27611.0,
27612.0,
27650.0,0.08166666666666668
27655.0,
27656.0,0.23597402597402597
27657.0,0.26065952380952384
27670.0,
27672.0,0.1879999999999999
27688.0,0.0
27689.0,
27690.0,
27691.0,
27692.0,
27694.0,0.15630952380952365
27695.0,0.20999999999999996
27696.0,-0.12285714285714278
27697.0,0.1942460317460318
27698.0,0.11511904761904768
27699.0,0.13542857142857143
27700.0,
27701.0,
27702.0,
27703.0,0.31
27704.0,0.07964285714285727
27705.0,0.2866666666666667
27706.0,0.25619047619047614
27707.0,0.18309523809523812
27708.0,0.13325396825396804
27720.0,0.3371428571428572
27728.0,0.04285714285714283
27729.0,0.32974025974025983
27730.0,
27748.0,0.09035714285714286
27754.0,0.3273452380952381
27755.0,0.33725
27756.0,0.34285714285714286
27757.0,0.31266666666666665
27758.0,0.31582142857142853
27760.0,0.29775595238095237
27762.0,0.2702777777777778
27763.0,0.3013452380952381
27764.0,0.274989417989418
27766.0,0.18369387755102043
27767.0,0.20408928571428572
27773.0,
27797.0,0.2649206349206349
27799.0,
27804.0,0.1447142857142857
27880.0,0.18722222222222215
27881.0,0.3001388888888888
27882.0,0.34224242424242424
27885.0,0.3307142857142857
27886.0,0.23687037037037037
27888.0,
27892.0,0.19523809523809527
27893.0,0.27963718820861677
27901.0,
27902.0,
27903.0,0.12307692307692306
27904.0,
27905.0,
27906.0,
27959.0,0.33505952380952386
27960.0,0.40308333333333335
27964.0,
27972.0,
27974.0,0.3071428571428571
27975.0,0.2957142857142857
27976.0,0.2571428571428572
27977.0,0.17714285714285719
27978.0,
27998.0,
28010.0,0.0014285714285714286
28035.0,0.28428571428571425
28038.0,
28054.0,
28055.0,
28063.0,0.2857142857142856
28064.0,0.27142857142857135
28065.0,0.20714285714285716
28066.0,0.1885714285714286
28067.0,0.1557142857142857
28068.0,0.20714285714285716
28069.0,0.23999999999999996
28070.0,0.2492857142857143
28071.0,0.4008630952380953
28072.0,0.3516369047619048
28073.0,0.25607142857142856
28074.0,0.275
28075.0,0.22642857142857142
28076.0,0.24500000000000002
28211.0,
28280.0,0.30800000000000005
28281.0,0.3197777777777778
28285.0,
28289.0,
28292.0,
28304.0,0.11299999999999999
28305.0,0.145
28306.0,0.19792929292929295
28313.0,
28314.0,
28315.0,
28318.0,
28396.0,
28454.0,
28476.0,0.12816326530612246
28477.0,0.10989795918367348
28492.0,0.032857142857142856
28493.0,0.04142857142857143
28500.0,0.09999999999999999
28521.0,
28528.0,0.15912698412698414
28601.0,0.12220238095238097
28602.0,0.028452380952380944
28603.0,
28604.0,
28605.0,
28606.0,
28607.0,
28608.0,
28609.0,-0.06304761904761909
28611.0,0.3639285714285715
28612.0,
28656.0,
28718.0,0.13476190476190478
28719.0,0.1277380952380952
28721.0,
28723.0,0.31999999999999995
28724.0,0.1708333333333333
28726.0,0.18633540372670807
28766.0,0.3525
28778.0,
28791.0,
28792.0,
28793.0,0.23000000000000007
28808.0,0.3232467532467532
28834.0,0.3148809523809524
28835.0,0.3233766233766234
28843.0,0.1365
28844.0,0.1355
28845.0,0.09200000000000001
28852.0,0.25363636363636366
28869.0,0.14297619047619048
28881.0,
28929.0,
28943.0,0.27142857142857146
29099.0,0.3
29100.0,
29101.0,
29102.0,
29103.0,
29104.0,
29105.0,
29107.0,
29108.0,0.34145833333333336
29109.0,0.24886363636363634
29110.0,0.27175000000000005
29111.0,
29124.0,
29130.0,
29132.0,
29212.0,0.2578642857142857
29213.0,0.21614583333333334
29215.0,0.18801190476190474
29216.0,0.28125000000000006
29221.0,0.3514285714285714
29223.0,
29244.0,0.2611111111111111
29263.0,0.11508994708994706
29264.0,
29265.0,0.2540277777777778
29311.0,
29358.0,0.16799999999999998
29393.0,
29438.0,0.09000000000000004
29450.0,
29451.0,0.249
29452.0,0.29333333333333333
29513.0,
29518.0,
29557.0,
29579.0,-0.2250000000000001
29597.0,
29619.0,0.18636363636363634
29659.0,
29679.0,0.19642857142857145
29873.0,0.2571428571428571
29874.0,0.31799999999999995
