cycle_id,SR
18876,46.95303085080742
22118,74.25
24088,52.19397863355426
17743,69.96255094339622
17125,14.856382978723403
28070,78.74360619203708
26058,110.22413129108757
24702,92.10822614214064
24007,92.75646936258367
25693,52.726634334745114
9921,29.95
12324,49.685
18732,96.70313645947928
24480,56.42
20530,96.11833333333334
24542,91.36180386237858
24886,112.45
23341,83.41111111111111
21662,114.22142857142856
11854,59.34117647058823
26165,75.86206896551724
28280,66.5385587863464
20892,66.0
9987,28.47058823529412
11044,45.0
16486,101.87841250000001
10200,17.004
10896,28.98
16799,41.0
19044,31.159799999999997
27016,73.21925
5442,77.90794897959185
7897,99.925
29263,117.33333333333333
15402,86.22367525773195
21461,121.50000000000001
27906,62.5
18518,64.3563584993592
23702,114.49900909090908
24693,78.10698688126074
25131,71.1187880944966
21931,51.1
23708,102.10409
28844,100.81
16347,107.05043569023569
29100,92.43835982008996
18237,32.5
21089,31.635714285714283
27764,66.3223036495179
16910,231.82154545454546
27300,101.22827364864865
20288,84.05161102201487
27325,74.0
16488,73.622875
17740,92.16902026697566
22273,36.4
18404,5.777777777777778
10242,95.175
25360,84.73528431372547
29099,92.67692653673163
10367,113.04166666666666
27707,164.75658461538464
19692,75.62409684210526
24223,50.0
21966,96.20689655172414
12361,54.50783333333333
16042,49.94850833333332
14328,107.56946153846152
10028,107.92545454545454
20949,77.5
28408,39.56143325421046
16155,23.01635266119636
23068,75.0
27755,88.82006921873119
28066,94.87126994092999
17625,68.13587376319565
23913,129.68400719572975
27187,30.705
20982,56.94617564553036
24506,103.3228
25601,72.50351535036326
12482,53.28000000000001
25901,5.475441216263617
8687,77.77777777777779
12937,27.200000000000003
12596,40.0
19372,102.1629299640072
27881,84.42626077668422
20671,69.30742153846154
23123,14.17019448394656
19555,100.57000999999998
28305,142.5
20615,65.85021895833333
26690,110.00000000000001
26062,105.66016758413102
26244,73.42533738783649
24987,95.23809523809523
12978,51.839999999999996
19433,68.6576
11637,72.16666666666667
16483,50.0
24093,56.73308054717888
17575,99.8249019750373
19484,97.23884000000001
23850,83.55113394151249
20294,47.93674666666667
20953,59.833333333333336
23110,76.0847962048257
23381,78.30838695849265
20943,24.0
28054,17.91044776119403
23823,27.313454545454547
11422,112.5
16636,32.32969696969697
11741,17.04
27558,95.19999999999999
26251,66.09674950079872
7157,54.859500000000004
24445,129.6
25581,18.823529411764707
14437,62.544605263157905
16272,11.470588235294118
19247,73.56544155555555
17436,29.33541666666667
9994,15.809999999999999
18831,58.09814814814814
10408,115.5
24045,55.680461538461536
26683,33.54049125
17736,82.25376667267159
15503,21.627614781634936
4045,88.2137953464659
12436,152.02702702702703
18230,56.66328180923408
24949,36.417910447761194
15488,67.46854545454545
11545,45.721428571428575
12325,62.948666666666675
16398,52.75
18761,60.0
15217,2.320094376720409
18395,22.88
23979,156.3728819643883
15491,16.01342331111363
4038,115.73681142857141
16800,38.13333333333333
27167,70.01901235369907
24087,68.25869580957551
14693,40.88725
16327,74.90259565217391
17693,64.20932
22023,123.84666666666666
22651,35.675000000000004
25132,57.29894063120724
20975,83.56056469708302
16525,81.62
20664,89.61412615384614
4442,83.5819532391622
12854,81.95777244444443
19309,106.64927220777946
20190,151.96621739130433
25897,78.78005273770746
20662,97.00271384615384
13308,75.69709752848478
8685,75.0
18739,159.46125461254613
20759,31.521008403361346
16057,30.912163636363633
11544,33.72
26246,85.86998019207684
26569,82.24788073662673
9091,76.3411004544
17330,41.63619526269254
18446,54.0
9990,75.6
19313,95.38805483279714
22535,0.8345454545454545
9590,49.142857142857146
25072,51.6
17718,150.06944680851063
11080,17.975622681505037
19683,120.71917897727273
21382,41.11633333333333
24694,83.75537200053428
25967,34.64853333333333
25621,71.3878431372549
13913,60.57896
16049,31.86259084735997
24420,90.13333333333333
16107,70.576064
20818,76.44366666666667
16267,42.30769230769231
17747,76.35996839125315
20898,20.0
25552,57.599999999999994
18036,70.877
11423,25.0
26422,60.89128
7276,55.21373333333334
16154,47.31448767441722
24519,97.87717500000001
27091,97.82413333333334
12347,73.98782608695652
22119,46.625
8008,103.76289784289784
16108,53.40703096
25130,64.67913867509009
29124,142.5
4254,100.49999999999999
10706,36.64129647619048
10636,18.28125
24206,59.26781139191212
18976,42.43636111111111
19366,95.637068787515
10010,126.32000000000001
25361,39.67257843137254
21024,112.5
9112,82.5
21688,14.998998379731917
23185,34.32
23817,30.175
25315,45.45454545454545
24966,170.57142857142858
10166,36.0
23846,68.83139927895449
27690,78.22222222222223
24836,69.4492716802168
24849,101.33333333333334
18133,30.966417910447763
18403,83.20100000000001
18902,47.84090070136582
27974,40.657446714749476
12572,107.515
27099,96.36110478359909
25139,58.79649492236908
23710,108.8035268965517
26253,42.24303597122302
27171,64.14525611459382
16803,7.723380000000001
24478,141.05
12350,66.2684347826087
10027,114.99999999999999
22117,58.333333333333336
14614,124.2375
24775,74.10011685577679
23699,106.51448055555555
19077,3.6988965517241374
15767,137.29032258064515
16616,46.359375
15493,92.49469096753587
19681,116.3029139957265
16503,33.0878
15067,21.621086956521737
16498,66.98182083333333
23213,93.69803428402344
29130,35035.0
17730,89.56906706531264
15404,113.13584433962262
14289,58.65974268292683
23371,130.1846187755102
15640,167.78523489932886
19070,102.25846784126983
23359,38.11946666666666
24889,46.37719545454546
26166,66.10344827586206
17401,47.843867499999995
20890,104.5
16755,47.104
17201,5.090375
18537,30.673439999999996
16501,73.64634166666667
17191,108.1248
20841,115.25000000000001
22479,30.0
14822,74.98924731182795
18424,82.8
22702,32.0
22688,79.09608695652173
17637,19.796000000000003
23711,97.64330779220779
29597,46.875
26053,110.74285714285715
27556,86.7106
12046,41.44
16497,61.58647916666666
18484,73.18131868131869
11848,33.6
16329,72.92047270531401
8476,119.15833333333335
15399,53.582304123711346
27904,46.666666666666664
27189,78.455
20970,55.00000000000001
18483,60.62359943977591
27109,88.21536323160333
11851,32.946
20990,8.612546904315197
12869,91.03659428806488
17627,62.53215326419432
25381,92.16
25579,29.411764705882355
20887,130.27
24091,73.48733613541488
26445,126.84432421333334
28943,96.37676172831337
20750,54.800000000000004
14096,92.1933984962406
22815,135.625
22068,26.0
23561,155.33333333333331
17745,101.58209806000147
28313,88.0
28064,98.1713270889125
15853,78.4
16052,13.691074617000917
16374,112.90433333333334
27096,164.41795555555555
15784,3.85
24543,69.33255895455895
5159,95.0
24089,122.54500599273015
16323,51.1124
11342,54.245
23215,88.8075983949458
24090,66.85288702416852
27084,113.24879230769231
26571,42.26907142857142
27000,37.056
15983,24.537777777777777
17750,61.89966666666666
22510,105.69591240875913
17841,100.44
19778,127.46153846153847
9096,69.05272435200001
21203,87.86666666666667
16328,76.78940714975847
26049,65.44
7622,70.67646995033292
17117,54.352941176470594
22590,120.0
26448,155.53392399999998
27295,99.77812404986318
25049,89.05221466584739
26808,32.79253333333333
24980,38.25666857142857
29579,95.918
12065,98.35301244254819
23701,121.15427515789476
19261,89.53535353535354
22613,28.799999999999997
5439,70.14617853107346
28306,71.24000000000001
17450,71.2330826276758
19238,58.21298019047618
16278,68.83333333333333
21599,2.9988699146157707
16842,81.66136620110504
18626,50.443928571428565
28604,104.0
6126,13.475279999999998
18466,27.500000000000004
22895,55.1818099792475
24240,90.0
27146,56.71196875
17738,97.87253770491805
18224,49.5
9989,55.266666666666666
5902,85.20028502208922
16611,37.77777777777778
16625,21.400929411764707
23328,49.23218181818182
25074,55466.666666666664
16252,134.46666666666667
27891,56.99999999999999
4957,74.66666666666667
11509,22.22222222222222
13117,19.828000000000003
25603,94.33715838743771
16041,73.02634166666667
27387,108.1
20978,77.7905253443526
15778,84.94633333333333
10030,84.745
18140,33.62704
9484,100.0
4552,106.66666666666667
15941,28.22727272727273
24301,83.67771428571429
18488,60.37581024805358
22965,40.832
18635,58.348982062780266
19676,120.39999999999999
22453,79.03999999999999
20616,64.03684591666668
27255,19.76470588235294
28778,200.0
18919,91.93300841407144
9098,80.559190112
22657,211.8918918918919
20886,37.5
25022,33.97324
19124,43.92857142857143
27294,113.25644572818486
18545,52.0
23735,71.15038703870388
22845,78.36
29659,16.0
18674,101.39356444993905
24609,43.5
17537,17.51
22005,100.0
25389,84.24079046739952
18637,48.88617040358745
27650,41.6475
25388,96.8
15752,72.88970588235294
9065,107.0
14345,64.5
17574,114.7303
18253,18.96
18324,19.888
27998,52.71183014264628
28395,34.57427894112999
13667,62.57575757575757
18747,78.06304347826087
21269,61.66929582222222
18877,54.80123456790123
13166,94.60900793650792
24000,88.82
16008,50.211375000000004
14576,47.39287857142857
28476,22.891333333333332
17452,132.1681043478261
11225,32.88627777777778
7289,38.652
21601,8.572209872622702
5487,66.42210650887574
29452,99.0
19253,64.1796247
27700,77.95716923076922
10198,45.94817777777778
19322,106.40957105017903
9097,72.918888928
21366,70.317
21699,69.19168176104684
19307,104.35565065973414
26845,32.154296875
28611,73.33333333333333
18633,16.70044843049327
25073,86.5047619047619
11777,41.8
12354,48.759121212121215
18427,67.8125
24674,38.29429735234216
18367,58.32000000000001
21022,74.0376
8716,109.16666666666666
19780,105.46835443037975
23208,82.11602794964139
20075,30.476799999999997
23707,99.24144827586207
23191,91.47305555555556
24883,37.34133333333333
10371,382.02985074626866
16361,83.44907379679145
20407,61.21922606481016
19871,28.906805555555554
23124,105.5193179098524
25143,60.83447969039983
17386,91.94470588235293
18396,71.39999999999999
19324,103.32143768087505
20756,12.540000000000001
16348,98.12098505990134
21025,100.20555555555555
4514,99.07407407407408
16337,92.44640608163263
8259,78.60312713259204
19689,66.38189684210528
27655,55.2
28834,73.9578947368421
25553,35.55555555555556
16343,70.86859196969696
18923,92.74397634546621
23848,90.99002929247408
20845,68.0
14325,93.45812461538462
24885,31.768
18671,84.28524609230188
24395,87.10353846153846
27604,83.93571428571428
23326,30.920400000000004
7606,17.769954410307236
19297,92.2714520569017
14585,62.12780529566441
27960,64.02
26449,118.94691901333331
20150,58.415530208333344
20024,30.156
29450,53.333333333333336
19320,106.6163731789866
19755,50.0688
27461,112.17999999999999
25307,27.085166608001877
10713,28.94723316666666
19942,55.78764
27014,70.470815
29244,91.68185840707964
27169,52.520633611197965
16158,3.8946279239394097
26248,76.21601896964854
27563,34.11764705882353
8007,95.05900919445588
16952,89.92299966521593
25336,78.95297619047619
17752,108.68288646552769
16047,24.419702661589294
24777,81.78214102632091
12504,45.160470000000004
24175,92.26369458128079
25585,43.5
23847,96.46589116719242
24520,87.9026
26775,12.5
15844,0.03333333333333333
21965,32.22592592592592
27773,106.33333333333333
16293,106.35836363636363
16938,78.4928125
22780,86.12722741433022
11808,108.68933333333332
17233,53.227934999999995
20848,47.23988095238095
21485,100.93636363636365
22305,50.89285714285714
27757,85.27193697300862
22612,25.515
16709,112.58236800000002
11618,40.0
24740,45.006391111111114
21197,144.0
24178,67.5
4239,26.289657610252004
5046,9.75975975975976
10384,27.142857142857142
18734,90.64850332878116
24403,83.125
26438,31.515120000000003
15514,20.02684764673529
18679,22.5
22447,91.0
4938,71.25333333333333
12558,75.25333333333334
22532,13.038281868173707
18277,63.6606201446281
4181,83.582
15790,117.08533333333332
17325,21.23404510676602
22268,15.867903917073656
24672,21.029938900203664
18753,73.33333333333333
25692,85.61825972920182
19049,60.74969696969696
23121,23.52114086566387
26509,2.428125
25134,78.29650309204965
27205,128.7632
20977,67.816528902371
28289,80.0
20610,52.940441166666666
26048,80.516
19637,87.53571428571428
19072,102.22611022222223
24670,25.232892057026472
8139,9.3
16275,96.66666666666667
16394,77.18570742979026
23127,72.38126282364436
27972,71.59389957948181
24574,57.0961766932999
24770,60.515858459765695
25945,62.66666666666667
23686,21.160145454545454
15495,13.907384175529033
16712,113.09028731428572
20184,55.52333333333333
28396,126.0
26480,61.4885176788438
24053,77.53860923076923
24300,69.76525
11797,54.1
15462,57.30952380952381
22184,33.6
15940,30.732777777777777
28835,67.259645
27428,102.98148148148147
27689,108.16666666666667
17727,102.10912480411363
20660,85.2504923076923
12343,71.25
22990,33.39285714285714
13112,71.23028124999999
16216,47.09230769230769
16624,122.60329411764705
25019,35.549573333333335
27282,83.10843636363636
17032,151.0940170940171
9094,75.778446464
4241,19.908600386281382
12860,99.20818694123399
26552,162.0
20269,85.71428571428571
15682,19.8
22355,58.68888888888889
23297,44.28
19369,60.27265642878651
19691,78.4392755376344
16424,14.799999999999999
10241,87.6525
22534,43.92925893611423
26476,3495.1513969265447
25375,79.62125
17456,133.33333333333331
27696,200.04766153846157
10000,79.2
18754,33.1059
12597,121.68
25445,19.35
17631,24.408266666666666
27549,64.89148522268391
12705,85.85249999999999
22306,60.0
24041,60.022593846153846
19629,83.3
25338,69.13834249084249
9093,86.1596459328
14223,105.65721122994651
27020,10.5
24396,59.388799999999996
10759,31.5425
24546,138.6309650997151
7273,59.81177333333334
11351,34.375
27762,6.077524752475247
28602,48.0
15507,41.08120982107875
15510,4.144764954146976
17065,24.395884544444677
10703,40.78651146153847
11523,47.199999999999996
19296,95.90144864365931
20405,102.44791666666666
27415,118.29176850666667
27088,98.68274444444445
5222,66.40055534338998
25137,54.7076993932506
7605,47.11931105237665
27327,103.71333333333332
27254,35.68627450980392
18059,54.50093323438801
18337,2.2333333333333334
18726,91.48661429370826
25313,57.115452305526226
16334,83.62006419607843
12850,92.89509513108615
17402,89.16939
29101,91.8623568215892
18749,95.22780233726084
12439,56.608000000000004
20741,50.0
23451,26.40283333333333
19098,36.257666666666665
13443,10.7578125
11347,84.0
25442,48.22222222222222
22650,39.45
16090,1.125
24043,57.36186153846153
10811,54.6875
27698,151.85545846153846
12359,43.95484848484848
22237,54.670818181818184
24541,87.97264619883042
16039,75.08272708333334
18431,45.0
7991,135.2432344828661
7293,60.39333333333333
18669,67.15093225097722
23435,37.089963636363635
15017,78.39281561715929
25025,102.96504831991571
27304,93.68869594594595
8000,123.50046415087765
15484,21.0525
18241,26.44796380090498
19600,0.388196
27107,87.54655586600819
18129,21.951597531821413
19696,91.27575733333333
20404,93.62912735849058
23361,103.46933333333332
18234,62.64760190441311
24685,76.23020327758917
8688,114.8
10175,60.0
27386,98.8
19066,4.0729612698412705
25181,102.89112030777035
25976,53.400000000000006
15504,32.0760861726131
28068,71.09283940301513
7127,134.6153846153846
15769,79.5215072
19653,44.10046666666666
25443,43.175000000000004
17884,66.46460459183675
16142,51.07959183673469
12724,34.090909090909086
18817,41.148799999999994
28500,133.43
27170,75.56026894468445
27903,72.5
20976,73.47085764689918
24394,8.52
10400,81.63054545454546
29109,100.59767567567567
24458,112.5
19680,53.407828947368415
14875,5526.8
28793,115.19999999999999
23069,87.07142857142857
9505,61.33333333333333
9516,118.75
15766,40.413
11683,125.0
15015,70.86519010705057
17388,62.56164578891258
23742,83.1798442789438
25311,31.94024991200281
20409,59.98956212370005
12595,131.75
21945,70.39999999999999
27609,38.800000000000004
11789,93.85714285714286
17307,16.8625
28609,102.2
15763,34.86
17744,78.79194885291307
27045,66.93939393939394
20739,78.84
18467,14.081632653061224
17833,33.29545454545455
24776,81.59324565590143
18755,25.4775
23318,56.20441975703324
10897,62.050000000000004
4047,93.23544309221803
22318,78.2886
17377,108.8628
4491,57.77777777777777
18327,110.00000000000001
23732,67.2755043151374
29108,97.07324
24766,82.0131188608346
24384,45.88235294117647
12839,0.0
21271,56.29729395555555
11926,98.37883042521993
12453,36.58991515151515
10031,155.9988
12067,95.77763637362436
12592,124.0
16006,50.53333333333333
26153,46.08
26220,64.8
10639,50.0
21273,42.96664626666667
18249,9.828571428571427
24742,67.01695
27550,78.99660958623515
10757,40.909090909090914
24409,30.786206896551725
27888,75.0
28318,69.33333333333334
8963,90.0
16489,34.79103333333333
15213,10.062893081761008
26482,66.89068793436348
19671,45.80922916666667
26051,135.27
29132,15.0
21347,52.300000000000004
16130,5.96
7997,91.55054644808743
18746,195.92318029115344
28454,106.66666666666667
12866,86.59876013783524
26440,72.87
17188,35.7269696969697
8012,118.09330014224753
11168,97.85714285714285
20714,108.69375
25078,1.4650521920668058
10197,65.17809230769231
16626,80.71428571428572
22589,74.25
19519,11.067333333333334
8005,97.44170164577987
7617,59.46682229767968
18678,94.33823947134098
14346,54.0
18149,137.33333333333334
27188,35.74
27729,83.45566666666666
15306,70.39458925948526
27902,58.050000000000004
18925,90.84372650591364
19319,132.32372394011966
26254,36.74622302158273
20531,104.56222222222222
23122,27.941875137701043
23824,9.966036363636363
15789,35.81333333333333
20438,80.84400000000001
10019,114.24600000000001
16500,12.267841666666666
27708,147.70656
20164,37.90143333333334
18407,7.222222222222221
12021,89.3375
18235,78.08416479190102
18604,76.7202361111111
10369,154.1876
28845,62.70761904761905
24691,80.86322871804099
27185,137.81699999999998
25309,34.23017130118503
24739,95.53115
26110,45.54666666666667
27150,70.81400000000001
16059,44.1
23342,82.89791666666667
26560,72.6
20981,61.98925589610713
20410,59.89363130626805
25617,51.264751552795026
21697,13.465620423439223
17581,73.5
15942,10.218666666666666
17162,72.24119386931972
17624,79.8836944127708
16253,109.71666666666667
13777,88.46175000000001
20836,95.70666666666666
11675,67.43666666666667
23839,69.44177753394595
26798,35.97176470588235
29557,6.0
22173,118.73333333333333
12131,27.750000000000004
16711,109.73182822857142
10984,16.071428571428573
23379,84.18453932456936
12859,96.60912671304473
25135,46.262751361061724
24769,70.91114190687361
19047,87.19629385964913
7876,72.79679427326487
23704,110.80032035714285
9102,103.20271625555554
16335,93.3262695652174
19957,27.27272727272727
25081,2.9618054975643697
17636,48.723333333333336
24508,178.66666666666666
8578,69.504
12332,91.098
16363,90.10492798573975
20974,70.5785473875414
22582,108.0
24970,36.98943111111111
21695,82.69155542674328
13451,26.871507864094546
14438,13.796798245614033
21280,68.583780625
8266,26.40212414349053
28607,154.0
20846,75.36482269503547
25052,78.11297589269532
28521,65.0
17835,42.857142857142854
18911,32.0
4750,104.49733796296297
10714,26.441577439999996
16941,70.34277372262774
27612,62.5
12341,111.43568750000001
23633,34.4448
18056,63.03222056969487
15432,14.563268033333335
25896,37.79967352640213
15014,0.0015924332935085624
24888,113.76299999999999
28076,80.29129447153821
25584,107.12095238095239
21281,48.00046666666666
21988,110.125
26219,50.66086666666667
23260,46.15384615384615
29438,60.0
10091,81.25
12857,46.70819083333333
27605,112.98010000000001
27153,62.64311111111112
29213,30.80850737100737
14071,95.67127877670089
25051,62.0070542168006
25619,60.76209150326798
27691,62.22222222222222
17732,94.92866234552332
16051,41.734670877659575
26093,53.959999999999994
27271,71.985
11680,95.18799999999999
27694,186.73308923076922
25308,36.20534142907427
10046,75.8475
22802,50.488571428571426
15006,69.44789510006902
20076,281.77777777777777
22130,56.274
27103,86.23034246861052
18607,62.66404338842976
8010,108.53125000000001
18269,114.1
18621,108.8628
23455,17.778
24815,90.76344342507646
16351,66.51989467649467
28492,41.099999999999994
26483,51.98877567780007
18615,1.4103762853052193
22626,78.48729607833275
16166,15.924470627840432
17192,128.7632
18468,21.36
25091,108.36666666666666
26247,77.81248209283714
15219,5.360176156023906
18829,45.6
12864,86.77963067546612
24040,47.27444615384616
27165,73.58073588826332
17403,48.493196
22908,12.0
27695,54.784738461538474
9095,80.794441968
15813,96.623
20658,82.00544615384617
18924,72.85844794299703
10023,60.0
19687,90.59952023988005
14679,21.7
9545,24.07291297591298
17042,59.31375
20979,70.19524228612944
18832,70.43174074074075
20618,18.376666666666665
22896,66.36551475232338
26258,87.26358223289314
27657,90.30731586743796
18827,338.0
20659,91.43514461538462
25444,51.839999999999996
11889,68.28571428571428
22963,58.813759999999995
20661,93.51049230769232
22898,49.23915004962555
20956,65.2
4946,58.636500000000005
24765,30.309357694596013
26450,137.17095522666665
24673,30.461914460285133
25087,72.0
24154,123.73
15498,30.71114764599125
16045,59.32524166666666
14586,41.975906561487186
17050,28.652299799441305
27104,89.02547833845543
24411,154.7
11109,97.0
15009,0.001200964277887355
17187,20.110714285714284
19803,57.751120000000014
20151,55.518161333333325
24538,57.599999999999994
10072,65.60385971875
21659,84.93333333333334
24047,71.64385846153846
15970,74.57671666666667
19078,5.854120275862069
10704,45.543340666666666
25602,96.85170664575699
20401,88.54625
21127,49.53571428571429
28211,36.5392965696917
12072,97.36127516281823
15805,161.77272727272728
19874,36.24661111111111
24092,65.41812938402593
24741,76.65448888888889
24808,108.33333333333333
16271,11.142857142857142
17832,52.27272727272727
20526,14.289900000000003
16487,21.3229
24632,58.12500000000001
29107,101.94324000000002
14439,21.80592105263158
15106,107.52
25384,91.99604743083005
17633,32.5244
15502,85.60670868683914
7995,104.8476288056206
15802,126.19192461538462
16563,38.060430000000004
25551,24.75
27151,39.95
16588,75.5
27086,176.95466666666667
17857,25.624999999999996
12348,47.15710144927536
11345,29.156976744186046
24104,52.247046843177195
25387,72.06745689655173
27416,167.47761005333334
21026,50.0
19682,117.6930965909091
19855,32.34328571428571
27101,87.68789176441383
27756,88.75888226796678
17532,45.396633333333334
18516,2.0698182453687526
4620,37.714285714285715
16802,100.25850000000001
12855,72.40568400000001
15981,25.177304964539005
17189,23.573863636363637
20640,80.71453333333334
25580,30.352941176470587
15303,53.27044676957352
9996,66.69
24764,82.36493148698615
27299,112.50710702341138
9103,109.39817772222223
16509,96.26666666666667
20835,10.0
28603,95.0
23531,6.882760714285714
25140,55.146041916167675
17364,8.171149999999999
26682,60.78729166666667
7998,93.45947641351621
27093,99.42877777777778
24052,141.21928964862298
14097,86.05596240601504
28493,40.71333333333334
10044,107.03909090909092
17706,96.397
22526,69.89247311827957
27706,1621.8463057929725
19672,56.994791666666664
22961,81.54499
26981,76.16000000000001
28292,97.5
17375,21.428571428571427
23977,70.60876656830548
13774,67.26824388768698
19686,93.27430584707646
11017,130.6242
16675,73.44000000000001
23991,0.0602
18989,24.81063333333333
19169,34.88953333333333
19471,91.509
5903,82.70457460453186
24894,52.37804318181819
26511,69.13921488319339
4313,2.8416995130999307
23331,40.838545454545454
23705,103.47299970238093
22522,13.206632036523875
15406,77.81142857142858
19958,60.0
24881,47.42462222222222
25707,22.43417142857143
15309,64.24643401060356
24207,29.94483063377082
25187,54.23642848278504
27184,49.293
16350,103.81613225108227
22508,115.76153846153846
14583,61.16452473042663
14220,101.8312879177378
10718,111.84082597937241
7020,41.80555555555556
18223,51.0
26567,54.13495442106012
7615,70.52448935942681
12863,100.32163558027412
21698,77.41031691709722
10414,32.25
29111,48.36363636363637
4896,80.56
10026,113.99999999999999
26245,73.16182513005202
10005,94.64106666666665
23211,92.99409925320971
25314,30.567845828933475
15300,62.47844468293496
18608,81.13881105470952
21907,129.43529411764706
16167,15.234381959829221
18370,97.31
18620,117.47894923076925
19370,67.007711833785
12867,91.51427741355688
17729,83.62933052946939
17874,44.89208633093525
18751,93.94568855099796
11638,67.37966666666667
24272,80.5
26913,100.0
19294,90.39659923024416
19508,9.08
26050,42.857142857142854
16170,0.19642857142857145
18248,13.44
16922,77.03338129496403
18733,94.71992367986799
26481,50.53064520544196
24544,101.80974880525689
27544,77.5
27555,62.17941176470588
11522,42.4
16344,76.90657656926409
18148,45.0
24834,83.41312087912088
9481,134.4
21967,67.0909090909091
24767,81.5441328980219
18231,76.62935264341957
18776,67.84908
21660,90.66666666666666
18142,21.20478
22595,65.60000000000001
16091,42.92
16810,1.932
18670,80.19060510819497
24774,81.88021836865768
27763,61.72427951883376
14821,72.46541374474053
12853,103.83228571428572
15786,62.46444999999999
24649,120.0
6952,120.0
20408,61.76206662986241
21686,64.08070234722257
4751,110.51666666666668
4046,88.1858405122364
18103,27.77777777777778
19090,125.25773195876289
26221,46.94493333333334
26818,51.388888888888886
10357,1.5
28721,60.0
15511,26.60746383257643
12351,31.348325
15836,59.31697142857143
21968,63.0
7277,43.24333333333333
17726,83.08412477931904
22304,81.5477629987908
29216,26.80495853782366
27102,90.05750015515423
14326,97.40123076923078
16575,94.97663636363637
20027,52.68625714640815
15783,37.24
8013,88.7090048429933
19310,85.69459599896076
26061,98.91801055563701
27296,111.78053359683796
11847,30.0
24561,29.599999999999998
29874,37.044
4887,123.38709677419355
8684,24.0
19693,67.83872616984404
22369,40.6
20991,371.9077190127475
14045,129.77518846153845
19304,104.2780270941996
21079,64.63600000000001
22265,51.29952984137852
19941,62.838408
25183,56.1715506682566
18680,9.375
18803,239.2
24571,60.05003592054238
27582,37.4933908045977
17638,17.955
20742,89.95
20620,0.0
22353,60.9
18134,29.056150698122295
21600,7.5750881273394635
17563,30.11666666666667
20600,93.7284
27975,49.26323369960999
20641,74.28085
25708,18.936742857142857
26250,74.85428264776358
16055,30.023915667281674
10006,26.666666666666668
27557,111.34299999999999
29105,99.39223222748814
22266,115.05561023622049
11042,25.34068
23733,62.09259830092597
15515,49.59760409176077
17945,8.448
4044,86.85955581910329
18759,36.1825
12716,44.879999999999995
16349,23.98342681818182
18887,0.0
10017,71.84682352941176
24948,106.18666666666667
19373,86.00648640915594
16384,118.5
19067,105.22060752840909
17194,103.7644
4039,104.67077142857141
24517,71.3532
25334,53.1358204280781
23125,101.40107919254658
26516,89.47878587924778
15505,64.44315636855187
15935,84.5
17766,75.75757575757575
27168,58.61635322268057
24743,65.761605
16485,55.891083333333334
11929,120.88762581388207
19779,114.20061349693252
27754,79.33176078676661
17451,97.29851733024772
26512,56.007309273640935
19534,101.57979631250001
23209,93.5398036137532
27760,69.78582285255553
23978,59.19748610209914
11338,82.1229090909091
13791,73.84470999999999
22623,79.46871432364264
21831,101.93333333333334
28477,25.939111111111114
19654,85.88
27164,49.70845160904772
18542,5.0
20954,81.79740000000001
18360,65.0
22007,53.739000000000004
23133,93.41333333333334
16345,83.15005244379276
20770,32.71666666666667
16083,2.85
16502,74.92368749999999
26894,77.73333333333333
17860,95.574
22452,57.7692
23685,37.04727272727273
26060,113.6364244442547
28606,120.0
26238,75.6390149059624
23738,83.95311249137337
28719,59.294999999999995
24773,84.34966679040498
25546,68.796
15304,67.26784685712933
17218,66.0
4489,66.66666666666666
16136,29.5
22330,67.60000000000001
4551,56.657986111111114
10358,122.32000000000001
24049,106.80960000000002
13710,32.05750666666666
15750,28.384615384615387
24477,87.696
27283,70.02363636363637
5920,56.61992187500001
18833,51.55636666666666
20667,90.53979692307693
22960,30.394
4036,89.60812772133528
7616,72.31985147527912
16340,67.19916679324893
16162,40.12618377003498
15107,97.68
18743,92.87025110764885
25376,89.60194444444444
26477,60.20336172703037
17696,70.467
13024,86.24615384615385
7156,64.46325
22500,45.467999999999996
27018,85.172
15413,60.93097811867013
19301,106.10523776218834
25881,16.3584
15288,107.84800000000001
26446,141.45675554666667
27905,20.0
26684,34.68683796296296
20752,76.66666666666667
23941,55.00651331519498
18057,59.77050742165918
22235,39.98036363636363
23212,82.45487117924093
24303,14.6001
17126,27.0
19316,121.01105278774689
16801,98.83318
23247,113.02666666666667
25999,144.77777777777777
16961,26.438792727272727
18473,90.48
18975,16.509333333333334
25386,87.86596736596736
29110,101.6606846846847
16038,68.84204999999999
18523,28.117866666666664
28929,40.5
26218,60.17260000000001
27797,84.80285714285715
17329,0.5784805244890089
25256,16.49386666666667
15215,7.578616352201259
18232,70.989072615923
25146,68.89296000944225
28065,105.82195046320618
20988,52.54276080302952
26257,48.51586600719425
8948,75.0
20026,84.49718462590107
5258,98.0855641025641
18750,93.1106411689556
25150,68.46888685220642
16339,68.61193609756097
25182,137.53130311385453
20124,93.10084347826087
15214,18.679245283018865
20973,76.09781336618417
24666,98.39359216160753
9988,19.375
10771,70.40099439473538
15804,82.402
28072,72.81722607531181
27553,61.75000000000001
25637,79.96
18996,6.730769230769231
27758,156.62814386317908
15312,89.00037113402061
15011,0.001334200867534201
25412,68.82352941176471
21597,89.34110292682927
16415,8.0
18673,81.39381218436851
21023,50.29280000000001
12505,54.576809999999995
18937,20.0
18536,38.1264
4515,85.0
22962,61.578359999999996
16811,37.651875000000004
24039,48.16077230769231
8985,59.177701625
16157,29.890441136369272
12163,115.50333333333333
21995,33.84858333333333
26570,105.72857142857144
16512,23.654594
4666,123.79862700228831
19615,205.508683
25968,15.1704
20586,73.37147692307691
17880,75.91634609295846
12357,49.43278787878788
6431,35.833333333333336
24846,4.234285714285714
27092,94.33001777777778
18952,81.0
14577,50.92816666666666
17739,93.905260921956
24168,94.25
17339,19.06922
16092,66.11666666666667
23845,0.0
17031,2.7
17753,86.6713269245068
23530,31.68573333333333
18735,87.89299465660851
25141,68.66912974051895
28528,75.6
27083,109.5463090909091
18127,22.546701974000964
15482,20.853279999999998
14587,69.7318741209564
21020,113.69411764705883
24507,97.1656
25020,37.94085333333334
26574,99.09599999999999
25694,50.43378602264832
20384,77.49072223808164
23673,47.409142857142854
10196,71.42361111111111
12858,83.18780750557023
24575,70.60018899513273
12025,59.555
6627,40.300000000000004
18740,103.7364831927146
24690,73.70815114295058
19684,130.41453409090911
22269,0.0
17814,34.58773333333333
9877,87.6584
15307,58.0417168989365
8004,121.58217779225006
16940,68.192700729927
14155,77.39449773341049
19065,84.58993501587302
20763,107.2
25394,104.92656947657217
19252,59.336940166666665
25395,70.74302345488786
24307,22.98795636363636
24895,41.89329545454545
23362,22.09525
19375,86.30777255362915
17266,70.61260909090909
15316,75.95188833282447
17409,0.0
21413,148.0
8292,102.75000000000001
11639,27.46222222222222
21908,144.0
5437,41.93145142857143
14329,127.80646153846156
19824,62815.0
24705,82.84917442526138
25577,16.362666666666666
18828,28.428802713746048
24686,70.09168280313509
20343,15.353433333333335
25622,68.77258823529412
18744,99.5344678066655
9058,100.64666666666666
23330,50.456
19872,27.381511111111113
24054,131.72784
24155,102.6122
20672,86.49648307692308
21663,109.76106666666668
11340,104.348
19306,93.83869622798841
19518,115.97872999999998
17437,29.256874999999997
4238,7.526618878865979
18130,24.51035146846413
23109,66.97024340588605
24570,70.54012770407883
19088,75569.62025316455
15490,75.92999999999999
20149,83.33333333333334
20857,80.55111111111111
26599,43.2
14047,103.29205650349651
24218,35.75
23378,200.2
12323,46.92
28285,22.760139354499444
25136,56.767911480578526
27730,100.0
22636,62.69942460317461
27228,116.19999999999999
15749,42.93333333333334
27728,29.633333333333333
27328,84.7560975609756
19318,76.21387225665843
20380,83.16837669822195
25599,80.02997377294867
17734,82.39882699940269
16056,22.88235141139224
24891,60.93372365339579
25133,50.29613881466136
26180,94.69999999999999
21346,144.57142857142858
18591,45.740399999999994
17384,42.616610845295064
10258,49.450500000000005
28718,97.76470588235294
27326,161.25
19690,58.6257204610951
15835,28.522539999999996
17639,64.85424
27302,96.69935135135135
28035,91.3
16358,65.4749413493841
22325,88.33333333333333
10772,76.07801897578976
27720,66.5
28612,92.5925925925926
18128,19.165535956580733
15787,83.36666666666666
21882,103.63333333333333
29104,93.03299795858851
26653,42.58620689655173
27705,160.57332307692306
14972,67.5616
18233,59.41050857773214
22035,51.0
8674,25.5
24971,19.867555555555555
26447,103.1382816
10090,12.75
18912,51.272727272727266
16044,79.46650833333334
21099,71.56385281385282
27100,89.78177676537585
19869,107.71777777777778
23132,88.42854242482284
20216,38.2088
22132,0.0
23128,67.76286761113825
24569,50.980642473616
11159,18.676000000000002
9665,44.625
27583,36.27371264367817
28791,42.66
24051,124.49417846153845
15803,213.1764705882353
20837,81.91555555555556
27330,58.333333333333336
21983,52.5
8677,58.68
9984,111.872
9981,27.400000000000002
9993,76.288
27886,90.16447735157361
10857,34.57446808510639
15977,108.63459545454546
28922,59.13358953294113
13583,18.289894833104707
11774,127.22500000000001
20800,123.88888888888889
24819,110.08356000000002
10705,44.430697
25189,106.44758353881932
28075,82.29973106942626
19317,107.91305776132478
18958,35.6458
29358,93.00623999999999
10071,62.443123875000005
11642,24.959999999999997
4444,42.75
27804,126.4
4621,33.82857142857143
15512,82.49841854774438
28724,95.7
25148,56.268304280360425
24701,95.48399014778325
26580,92.80000000000001
4349,140.0
25620,85.08705882352942
11424,58.75
13198,27.18198
18238,32.2
12576,38.0
19068,88.64608064630683
16499,56.99430416666667
24261,56.71079958463135
10710,36.06025359090909
19873,31.235083333333336
24671,26.945010183299388
27702,0.11076923076923079
16064,10.0
23840,81.82458314556106
13419,86.46858245614037
15486,10.969786666666668
17439,31.431458333333335
24006,135.68811391339543
16336,64.65821042596347
18513,107.1
20666,64.11616
27190,85.652
18603,72.58755208333334
9992,25.666666666666664
14440,28.741754385964914
24522,54.387871499999996
16298,57.14285714285714
18921,80.12625425856194
17438,32.36697916666667
16372,109.0201
18922,91.84243609474989
28038,125.0
23849,64.42513519603425
18447,63.6
25586,33.75
17882,66.65259613959692
26175,79.67999999999999
27697,163.56278461538463
9105,94.61025338072542
13420,90.51145999999999
26514,78.06009996506596
27082,105.16460000000001
18326,36.273300000000006
26216,157.29999999999998
24882,53.14524444444445
16429,12.2208
19063,17.421594566761367
19670,35.09002542372882
24317,78.2792
27977,46.68379870054261
11927,123.28933038101601
28314,90.0
27089,93.79444444444445
29518,115.5
27414,164.69411624
22446,117.48
25440,72.0
16137,1.944
28069,77.96945471019052
8669,49.8
26243,85.83141216350947
21939,64.41631578947369
24435,52.0
20754,16.0
25142,61.8269880239521
18789,46.111111111111114
29212,121.36516331020476
10042,115.67944444444444
24572,62.330444110493744
10360,55.05
22182,160.71428571428572
14154,71.18661664674408
23889,120.0
21167,92.1824
24042,92.57054769230768
25898,20.39309593201244
20834,38.5
28657,86.16666666666667
18521,60.183312944192004
26052,132.25
15936,150.02444
16333,74.21060384615384
21700,4.602336341095575
10089,112.5
24893,55.50118181818182
27242,157.32
21970,88.47222222222221
5223,71.76254032258065
27019,10.703703703703704
5731,79.625
14046,169.4939466666667
18616,60.468115110565115
22183,39.666666666666664
21196,144.0
22124,114.99166666666667
14368,88.38249516441006
26687,90.0
24890,47.736363636363635
24965,134.64285714285717
18748,93.9352839904215
16053,97.71490412493411
23450,30.93826666666667
23842,75.39868747183417
19665,83.33333333333334
22010,54.0
18672,72.34826751287073
22533,52.80315930002958
26008,74.06793449550977
18362,46085.0
19584,53.714324646209896
25258,40.33965333333333
19214,44.67146666666667
15405,116.51094117647058
16086,115817.39
15762,48.35761589403973
29619,196.07142857142856
16661,118.05813953488371
25144,59.49672377065253
15785,40.0
24475,42.37894736842105
15492,22.153239637392254
18736,92.15185463909293
20765,79.60000000000001
25920,16.456533333333333
17733,97.88553259671892
27688,201.33333333333331
7394,62.5
16655,90.776
16942,67.94676258992806
17834,30.0
20971,55.00000000000001
15756,69.85121666666666
15494,53.1219728655134
17076,73.66394984326018
23298,19.6
25079,8.368625111840142
27799,86.94857142857143
28852,58.038000000000004
6498,37.6875
19321,117.60680212880756
27173,48.35515692390347
17405,122.39477000000001
23360,10.538640000000001
18627,30.0
24884,49.329377777777786
7303,51.495999999999995
23706,112.95993376623375
29451,104.16666666666667
14877,62.318066666666674
20550,81.88499999999999
26809,52.68416666666666
16365,115.80384381044489
19700,71.75905
20850,182.51250000000002
19368,0.9641897566450413
26510,63.16617045520182
9100,81.970025792
24804,92.80000000000001
4048,88.30580115804662
10712,36.298289363636364
27551,68.68606616140926
16161,13.54467289719626
25090,57.599999999999994
15509,33.2357200081025
9089,100.0
15641,671.1409395973154
17749,85.43432536821182
16573,16.2
27172,57.26941566245494
29311,44.0
17746,73.32185572256674
20669,88.56824
18405,21.925925925925927
8670,40.32
20617,24.261208333333332
26242,82.8684237695078
10763,124.35499999999999
21182,94.28571428571428
21696,6.578858063029671
14072,91.58714389636347
26561,71.016
23327,51.34603636363636
27560,146.15
28608,98.4
17831,45.7
10029,116.57333333333332
28063,73.40177047340362
26475,59.92978566149297
27094,96.05799555555555
24509,89.33333333333333
27098,95.80783599088839
12353,45.49369696969697
15060,4.246173201929126
23214,95.58658540339214
15982,28.840555555555557
20585,89.18678333333332
18293,19.6
18465,32.0
23843,70.2637730959892
15980,82.84701114488348
21971,112.82142857142856
28946,38.66752110310691
17043,15.880666666666668
17277,123.79555555555555
24738,98.8768
7130,117.08108108108108
17885,66.41359060402685
24114,80.70843747488972
26551,88.08
28947,41.88159042752088
24762,78.7971829757544
14327,100.92447692307694
15517,14.000743833017076
17728,101.23012327486423
4309,75.55882352941177
27085,86.67099999999999
18514,45.0
5677,52.022
15008,0.0009101478159774124
17717,113.61988085106383
25054,89.67235352883898
18609,56.7598210399449
16050,44.34181019062707
18028,116.42151999999999
23028,114.99999999999999
25088,76.13333333333333
25316,51.2
18819,69.36936936936937
26056,25.492145186313763
12856,118.85069488888888
15810,21.555555555555557
17881,70.21895372732425
16666,77.47058823529412
27672,110.58333333333333
22461,78.66666666666666
15568,75.129
18676,91.19555883106895
27440,41.67023809523809
15500,5.196942724458205
20429,82.51845
22004,42.16666666666667
15012,0.002668401735068402
23739,61.258426966292134
17634,37.40536666666666
10195,62.17326
19222,56.2712
10719,106.48026661503995
27301,96.81956081081083
27882,150.3528648813611
10737,96.74933333333333
24761,45.56267223635281
27048,27.692307692307693
23025,21.25
28601,75.0
27579,91.90098849018278
11930,114.95240761363637
19312,88.1300369964286
15660,56.7264
17720,96.26323500000001
25274,70.0
23703,106.72981109374999
24703,97.96464013874169
3458,78.4493275615924
16356,61.63348684210527
18675,112.85346955420574
16159,9.743795594630585
24193,142.02945736434108
19298,89.88190689223097
27147,118.16678571428571
28010,52.21873279861603
19822,28065.333333333336
15768,40.46819285714286
24165,90.17421513124036
15434,23.586946666666666
15483,32.82935333333333
21681,42.208
29393,112.55999999999999
24689,77.8127621929835
20510,74.77784999999999
17112,4.9
29215,126.49284142832965
13432,99.4554347826087
19092,101.25
23736,55.78586040422224
8293,23.974999999999998
17468,16.0
22893,84.88235294117648
24650,73.18840579710145
23841,77.44240085624156
15308,69.95376617661216
15485,13.589273333333333
23740,87.02387163561076
29103,96.64304137931035
24308,40.8156
16428,16.22016
24321,51.33333333333333
25379,101.75822222222222
24446,81.025
19311,86.16608171204979
28881,32.0
20940,104.94791666666667
17186,20.815714285714282
19685,73.9565092453773
24505,90.0
15310,59.40926630987949
15516,13.652772880946632
24521,100.458
24257,63.92133956386294
25021,36.560826666666664
27611,30.625000000000004
20619,0.0
25145,42.20602007457585
16294,46.71581818181818
27090,88.92846666666667
27285,99.2096
21728,13.8
22329,74.98
17741,77.30941774494684
27692,42.66666666666667
27105,84.05418690724035
24190,107.77539999999999
15811,23.18181818181818
17404,100.005145
24977,28.257565217391306
29513,65.0
26513,53.15316250674862
15757,121.44758933333333
17883,63.52863977431363
26215,45.0
5918,97.07057142857143
19669,55.88326271186441
20758,15.079999999999998
7993,121.09191160961323
27186,21.333
16164,115.4737737456672
28281,74.38775510204081
12484,36.52598666666667
20798,125.18181818181817
17686,89.33188000000001
14691,63.36000000000001
25050,67.31519167436166
24304,63.562290909090905
17609,93.19806000000001
24972,31.320888888888888
26256,70.51776019184653
8265,54.91579317931793
18737,100.0370427398283
25383,93.58235294117647
25053,94.70940728656878
15433,20.81563333333333
25411,32.97632
26859,38.388
19069,64.24659357244317
15819,80.0
20246,41.1336
16048,37.750983668445656
28723,136.85920000000002
25205,110.00000000000001
22900,69.51394026888028
18544,19.5
18590,69.96
19302,115.98328490916091
22263,8.862594098814572
27305,101.58112837837838
28605,39.375
16040,12.203625
18760,61.21016
19097,94.20308326026225
16163,25.791263479511144
24166,89.98221193699916
25895,25.577782281021722
19315,113.77924077924078
25214,100.73700000000001
13414,46.0315392
14095,253.74571428571429
21892,19.318181818181817
27108,84.74694104560623
14580,24.11023622047244
13892,66.8652053926891
14578,33.807829977628636
12865,84.70900043538279
26241,87.74435654261704
15497,25.176527926847236
18560,15.0
23734,68.81883708370836
8011,104.01745477761226
10755,45.45454545454545
29873,70.584
19062,83.20941811079545
24032,54.0
15305,66.76375953823073
27766,24.680138545274616
15782,77.625
28869,90.0
24191,164.6051912568306
18918,99.10989077038663
21684,5.838813651841647
4446,76.058
21866,81.50694444444444
16637,19.380135714285714
23741,85.33847368421053
25649,41.647058823529406
27703,101.74734892307691
16138,56.699999999999996
17475,37.266666666666666
19529,100.786241625
24204,26.64314117186551
18611,110.55473573690833
17044,13.979573152390207
25890,4.552520018841263
20771,143.0
28067,101.72913662980663
11339,71.74909090909091
18292,19.6
15772,12.8
17828,87.8125
18614,59.29951308539945
18543,17.985611510791365
18742,100.61161478039607
28766,114.24000000000001
22689,108.7875
27976,46.486274743823635
16513,45.224175
17887,106.66666666666667
22894,73.84654252239544
25391,85.97449999999999
14506,93.45666666666666
15301,98.2653994504248
18745,95.66505779968591
11149,62.5
17626,47.01381366400608
24688,77.81141476831657
22588,125.0
26914,120.0
17875,37.36486486486486
11853,35.6
17063,5.083383500826058
18538,24.3294
21661,130.44285714285715
28843,89.57428571428571
21360,236.0
10201,81.81349999999999
15809,39.94666666666667
18027,101.78750000000001
23709,103.88523902439024
29264,24.0
12861,92.70025997724095
24695,78.88723525635226
18834,60.499373684210525
17879,73.07622767857144
5435,40.744250177683014
10169,95.0
15773,61.10289999999999
17269,41.333333333333336
24331,95.38461538461539
27149,75.095
25273,72.91666666666666
25441,57.09803921568627
8475,177.36666666666667
10009,126.856
24444,46.375
25582,28.431372549019606
22264,0.0
24692,76.18500117282603
20293,88.03569127689731
20614,81.762915
14579,65.452625
22899,83.06388162049986
7999,120.06503011040482
16165,34.361675175766734
27748,138.0
23340,79.98888888888888
20529,92.89333333333335
26178,88.17333333333333
9998,14.84
24182,42.82
5253,89.14426282051282
15005,95.4679802955665
11928,90.49080489533013
25204,107.14285714285714
26255,59.69322142286171
9057,77.85
11632,92.6696
17751,87.55293525674459
23316,25.955756225222192
27964,39.666666666666664
16251,97.33333333333334
23377,186.84
24103,52.84775967413442
27901,43.6
14604,87.53143505542634
24153,48.3293
14344,64.66666666666666
23634,38.132363636363635
25613,107.33333333333333
11346,59.166666666666664
22536,63.25496856470308
28808,45.20435714285714
28073,80.91279743761429
11773,25.41
15007,0.0009101478159774124
17946,95.39999999999999
25353,96.58666666666666
27584,66.70306000000001
27892,131.4
28304,70.61
16332,84.47297593495935
15108,36.0
15435,69.483616
24169,37.80405882352941
12862,78.3822013704234
16067,100.03200000000001
22690,128.8
18535,45.373799999999996
10366,142.3975
17589,99.87259966181001
18166,138.24
16135,35.4
18058,34.023084643693544
15216,10.324947589098532
15289,89.74
17721,131.7538
24086,59.21870157842572
25312,23.946497712073214
19630,92.80571428571427
25378,0.0
27166,48.72943983514993
12868,9.92459676253794
22813,76.37029101946081
24763,77.00747716774589
14114,103.095
23194,73.75130359836241
12491,41.21867333333333
23111,26.996007604562735
20762,8.5
20948,36.1
15869,10.674285714285714
17263,26.400000000000002
22456,80.53095277777777
24778,75.58208261501538
4233,63.74999999999999
10041,94.68933333333334
23945,27.439454545454545
25567,35.83248322147651
19308,105.92834445981127
25149,78.36832855157978
26479,62.93217753646747
24652,81.0
20941,62.5
17033,93.29293993677555
19323,101.07547334085447
27699,107.88184615384615
15013,0.0015267659411989309
15513,14.467909049475871
17278,28427.272727272724
23380,72.86493447622186
18677,92.36722585112716
19483,93.9195
23884,18.83076923076923
23134,91.34687399355877
16342,61.52313549242424
23737,89.05849695328368
17628,4.864943333333333
16330,86.96959891472868
18606,114.47234991539763
19781,103.67088607594937
27880,92.08507931756958
22174,127.27999999999999
25023,103.35091102278543
20980,63.475476325221656
24950,55.223880597014926
13114,107.75880123193558
21595,19.377428571428574
27701,57.92530461538461
27893,105.5
24046,123.57530153846153
16250,48.175000000000004
25977,66.0
27003,20.0
24892,64.0475
24952,86.47435897435898
27767,71.97928246913897
3459,77.71518823157787
24235,64.0
16338,82.63304024691358
22307,42.0
26436,46.834559999999996
21940,221.33419999999998
20259,38.522000000000006
29265,130.19285714285712
10535,43.5375
24772,74.32145003623765
27148,58.049285714285716
17193,66.1512
19305,105.78681967776795
7996,100.3406657745065
9482,120.0
26059,17.38158765077926
10025,113.99999999999999
21701,60.14361566407057
25419,102.52148936170211
18325,85.96136
26491,131.26517197333337
17225,104.63333333333334
27670,90.66666666666666
23826,20.75461818181818
20992,56.55645549681735
27087,102.10870000000001
27486,94.85185185185185
17378,27.294117647058826
20989,3.7895604395604394
27106,87.40804996530187
12349,57.41521739130435
8914,19.714285714285715
11922,115.52547606060605
10022,123.922
11524,59.79
27152,55.50506666666667
12717,23.5
14824,88.73596162117452
16465,42.5
11852,45.0
22354,110.9
27455,82.638
10809,43.604651162790695
20665,82.99478153846154
8683,75.0
20764,100.4
27959,75.64800000000001
16947,92.9024
27704,215.42033230769232
20668,69.6018
24623,87.2
23108,75.87508446051238
24994,80000.0
24622,10.0
26239,95.35288475390156
25152,53.19601694915255
28055,73.13432835820896
18559,0.0
20751,78.125
11081,13.951557093425606
18132,2.2909203980099497
24573,18.04830702647658
18613,112.48485241586765
26177,90.18181818181819
15010,0.0009601935268601934
23529,11.880333333333333
21181,117.0
24545,121.29201388888889
18108,4.444444444444445
24946,74.05333333333334
6319,56.16588524590165
14094,47.28964285714286
25339,0.0
22445,64.0
27413,122.7310452
28656,55.00000000000001
20390,84.2688
22267,69.75527310163815
26176,78.60000000000001
27297,113.29481985405899
22964,36.584120000000006
22448,40.8
18363,54465.0
17632,40.49713333333334
23654,23.697142857142858
20197,34.285714285714285
21732,105.0
10711,36.21711625
12362,85.11581818181818
27023,32.548
5441,55.932515254237295
21716,103.84020000000001
12852,75.85385175438596
18600,3.91304347826087
27381,40.0
6628,92.50500000000001
25547,62.23684210526316
21834,93.75
15774,93.09160666666668
18361,106.3141111111111
26515,83.79520750494535
19640,131.78615751789977
9997,83.67230769230768
27298,109.83134311340832
22185,38.82352941176471
25578,26.591549295774648
25108,48.0
29102,103.63487999999998
11609,68.74236051661889
9522,29.735294117647058
20944,56.666666666666664
10985,54.0
11341,94.24
20753,195.0
25080,13.657711473111561
9090,82.70354730240001
16054,26.622768397829855
21350,71.25
24050,43.49210461538461
29221,50.0
12725,75.16363636363637
19808,99.0778573125
25077,19.679647865205908
9101,73.19766723200001
21680,60.06733333333333
22133,93.375
27095,96.74816666666666
21944,58.11428571428572
21019,111.87411764705881
23120,34.18742363851223
15791,11.403333333333334
16880,34.61538461538461
21602,2.545369199201731
16046,71.16925323735053
23532,19.176363636363636
16215,73.92899324386131
22135,21.0
11923,118.77192830882353
15662,90.86946666666667
19940,84.01180000000001
19697,88.457112
4622,13.571428571428571
27284,76.38705454545453
17453,96.8625
24105,55.932688391038695
17327,0.578368999421631
20847,55.97816312056737
8014,129.9806216931217
15758,99.25
21731,82.8
23980,1940.5155818775306
15496,7.9115013344720815
24044,47.25022769230769
18055,60.6887965104801
26252,75.61192372204472
14692,79.00303030303031
16089,69.5625
5921,65.59947916666667
12481,83.5764705882353
20521,57.56205
16156,23.119074421404836
18492,7.5
18541,5.0438596491228065
10070,69.4497730625
25333,31.240198412698412
11931,79.90320888283378
17687,5.333333333333334
19061,67.4282916903409
26568,37.749237900363305
15016,76.03021978021978
17385,91.47292565947241
16360,85.04953191850593
19688,93.25027903958468
8006,117.97409009009007
17735,94.09319760403531
24102,21.213849287169044
16776,33.52163461538461
16708,110.73045382857146
19530,86.805655
24518,65.4454
26240,91.3014837935174
22901,73.10764233510783
20663,59.68633538461538
19303,108.51379037499646
29679,120.68163923362454
19367,98.75231922615477
27227,115.08
28315,49.5
12639,41.0
9104,92.44362772874494
27036,53.13714285714286
11352,28.105000000000004
19492,89.28666666666668
10191,31.666
8988,124.50000000000001
27303,99.24250675675675
10043,119.56166666666668
16845,93.17999999999999
14522,66.25155666251557
10018,95.4764705882353
9585,65.2439024390244
15508,47.85750524756143
27512,67.4
5045,22.22222222222222
12336,91.27
18515,63.33333333333333
24768,24.697093909296335
16325,110.87356321839081
10203,49.22222222222222
16331,77.09539823529413
15775,171.35878628571427
9106,94.99109175757576
20189,147.33452173913042
18025,105.98769230769231
26249,66.42180829326922
27656,90.312334816286
8092,43.854166666666664
13582,18.233618233618234
20136,22.541666666666664
22134,93.7504
14324,91.30630769230768
17306,12155.103266666665
17640,17.94816
18610,111.38347024816694
28792,74.9
16469,12.181818181818182
18359,93.40636363636364
18741,101.35929461223587
25217,20.82
10764,90.83
14630,55.05473684210526
16958,28.559847368421053
18631,4.366412213740458
22261,0.0721784776902887
27559,87.272
21349,64.36
23317,11.616175469227413
27978,66.66666666666666
12851,93.43318376376376
13452,43.53508972019465
17704,157.754
19239,60.033829
22236,45.030590909090904
18029,87.7088
10004,115.26821428571428
13888,48.6016
19300,104.23138936535163
15487,26.582833333333333
16058,24.5114
19050,69.35141115702478
16352,54.149296988304094
20152,55.006752000000006
24305,13.736799999999999
16341,108.7448680681818
25024,102.56087321578507
9399,34.4375
14878,35.662346666666664
25706,13.764000000000001
5919,43.08446753246752
17742,86.60476215166159
4803,50.96296296296296
17034,38.1861
21596,89.6079199542072
28071,76.01435681164055
11304,49.13333333333333
17719,74.02502978723405
23976,52.38195123448399
26057,136.81322657890865
18901,102.33050326073582
15832,24.0
28074,75.4024687200192
11775,114.02949595519603
19299,100.28630169801038
15221,5.517693315858454
16160,31.070299368915105
16354,70.63671210526317
21598,35.29780870926268
24476,74.84100000000001
19064,83.3794180752841
27384,79.4
23844,77.83749718341595
26945,24.9312
29223,83.0
15814,12.0
23329,50.76981818181818
15499,23.57649581872134
19314,112.69746901629382
5044,25.67418546365915
18820,57.65765765765766
18920,89.26887050410153
19777,133.68153846153845
11317,87.53333333333333
22262,30.735086442998977
12506,49.30824
16065,138.59033333333332
24003,58.07
4253,78.22222222222223
15841,26.25
7992,139.30601634376822
25310,24.490496304118267
15754,40.0
17941,127.77777777777777
23106,76.37029101946081
5438,70.50045952380952
24071,346.5
24814,90.83158978494623
24205,16.00074026692732
21687,9.207870581228322
18872,15.784615384615385
25138,58.47699714039558
23382,94.12001643245694
20936,37.23228699551569
17449,121.93187894736843
19614,202.99580559999998
28726,63.48039215686274
25362,31.68113122171946
24771,69.03842958406251
19131,31.770666666666664
27552,84.24704
27885,95.21324391196771
15868,86.56993333333332
20849,75.40485677083333
